url0.html,https://rnbi.rouen.fr/fr/notice/ovide-moralis%C3%A9
url1.html,https://rnbi.rouen.fr/fr/notice/ovide-moralis%C3%A9-0
url2.html,https://rnbi.rouen.fr/fr/notice/ovide-moralis%C3%A9-1
url3.html,https://rnbi.rouen.fr/fr/notice/ovide-moralis%C3%A9-2
url4.html,https://rnbi.rouen.fr/fr/notice/ovide-moralis%C3%A9-3
url5.html,https://rnbi.rouen.fr/fr/notice/ovide-moralis%C3%A9-4
url6.html,https://rnbi.rouen.fr/fr/notice/ovide-moralis%C3%A9-5
url7.html,https://rnbi.rouen.fr/fr/notice/ovide-moralis%C3%A9-6
url8.html,https://rnbi.rouen.fr/fr/notice/ovide-moralis%C3%A9-7
url9.html,https://rnbi.rouen.fr/fr/notice/ovide-moralis%C3%A9-8
url10.html,https://rnbi.rouen.fr/fr/notice/ovide-moralis%C3%A9-9
url11.html,https://rnbi.rouen.fr/fr/notice/ovide-moralis%C3%A9-10
url12.html,https://rnbi.rouen.fr/fr/notice/ovide-moralis%C3%A9-11
url13.html,https://rnbi.rouen.fr/fr/notice/ovide-moralis%C3%A9-12
url14.html,https://rnbi.rouen.fr/fr/notice/ovide-moralis%C3%A9-13
url15.html,https://rnbi.rouen.fr/fr/notice/ovide-moralis%C3%A9-14
url16.html,https://rnbi.rouen.fr/fr/notice/ovide-moralis%C3%A9-15
url17.html,https://rnbi.rouen.fr/fr/notice/ovide-moralis%C3%A9-16
url18.html,https://rnbi.rouen.fr/fr/notice/ovide-moralis%C3%A9-17
url19.html,https://rnbi.rouen.fr/fr/notice/ovide-moralis%C3%A9-18
url20.html,https://rnbi.rouen.fr/fr/notice/ovide-moralis%C3%A9-19
url21.html,https://rnbi.rouen.fr/fr/notice/ovide-moralis%C3%A9-20
url22.html,https://rnbi.rouen.fr/fr/notice/ovide-moralis%C3%A9-21
url23.html,https://rnbi.rouen.fr/fr/notice/ovide-moralis%C3%A9-22
url24.html,https://rnbi.rouen.fr/fr/notice/ovide-moralis%C3%A9-23
url25.html,https://rnbi.rouen.fr/fr/notice/ovide-moralis%C3%A9-24
url26.html,https://rnbi.rouen.fr/fr/notice/ovide-moralis%C3%A9-25
url27.html,https://rnbi.rouen.fr/fr/notice/ovide-moralis%C3%A9-26
url28.html,https://rnbi.rouen.fr/fr/notice/ovide-moralis%C3%A9-27
url29.html,https://rnbi.rouen.fr/fr/notice/ovide-moralis%C3%A9-28
url30.html,https://rnbi.rouen.fr/fr/notice/ovide-moralis%C3%A9-29
url31.html,https://rnbi.rouen.fr/fr/notice/ovide-moralis%C3%A9-30
url32.html,https://rnbi.rouen.fr/fr/notice/ovide-moralis%C3%A9-31
url33.html,https://rnbi.rouen.fr/fr/notice/ovide-moralis%C3%A9-32
url34.html,https://rnbi.rouen.fr/fr/notice/ovide-moralis%C3%A9-33
url35.html,https://rnbi.rouen.fr/fr/notice/ovide-moralis%C3%A9-34
url36.html,https://rnbi.rouen.fr/fr/notice/ovide-moralis%C3%A9-35
url37.html,https://rnbi.rouen.fr/fr/notice/ovide-moralis%C3%A9-36
url38.html,https://rnbi.rouen.fr/fr/notice/ovide-moralis%C3%A9-37
url39.html,https://rnbi.rouen.fr/fr/notice/ovide-moralis%C3%A9-38
url40.html,https://rnbi.rouen.fr/fr/notice/ovide-moralis%C3%A9-39
url41.html,https://rnbi.rouen.fr/fr/notice/ovide-moralis%C3%A9-40
url42.html,https://rnbi.rouen.fr/fr/notice/ovide-moralis%C3%A9-41
url43.html,https://rnbi.rouen.fr/fr/notice/ovide-moralis%C3%A9-42
url44.html,https://rnbi.rouen.fr/fr/notice/ovide-moralis%C3%A9-43
url45.html,https://rnbi.rouen.fr/fr/notice/ovide-moralis%C3%A9-44
url46.html,https://rnbi.rouen.fr/fr/notice/ovide-moralis%C3%A9-45
url47.html,https://rnbi.rouen.fr/fr/notice/ovide-moralis%C3%A9-46
url48.html,https://rnbi.rouen.fr/fr/notice/ovide-moralis%C3%A9-47
url49.html,https://rnbi.rouen.fr/fr/notice/ovide-moralis%C3%A9-48
url50.html,https://rnbi.rouen.fr/fr/notice/ovide-moralis%C3%A9-49
url51.html,https://rnbi.rouen.fr/fr/notice/ovide-moralis%C3%A9-50
url52.html,https://rnbi.rouen.fr/fr/notice/ovide-moralis%C3%A9-51
url53.html,https://rnbi.rouen.fr/fr/notice/ovide-moralis%C3%A9-52
url54.html,https://rnbi.rouen.fr/fr/notice/ovide-moralis%C3%A9-53
url55.html,https://rnbi.rouen.fr/fr/notice/ovide-moralis%C3%A9-54
url56.html,https://rnbi.rouen.fr/fr/notice/ovide-moralis%C3%A9-55
url57.html,https://rnbi.rouen.fr/fr/notice/ovide-moralis%C3%A9-56
url58.html,https://rnbi.rouen.fr/fr/notice/ovide-moralis%C3%A9-57
url59.html,https://rnbi.rouen.fr/fr/notice/ovide-moralis%C3%A9-58
url60.html,https://rnbi.rouen.fr/fr/notice/ovide-moralis%C3%A9-59
url61.html,https://rnbi.rouen.fr/fr/notice/ovide-moralis%C3%A9-60
url62.html,https://rnbi.rouen.fr/fr/notice/ovide-moralis%C3%A9-61
url63.html,https://rnbi.rouen.fr/fr/notice/ovide-moralis%C3%A9-62
url64.html,https://rnbi.rouen.fr/fr/notice/ovide-moralis%C3%A9-63
url65.html,https://rnbi.rouen.fr/fr/notice/ovide-moralis%C3%A9-64
url66.html,https://rnbi.rouen.fr/fr/notice/ovide-moralis%C3%A9-65
url67.html,https://rnbi.rouen.fr/fr/notice/ovide-moralis%C3%A9-66
url68.html,https://rnbi.rouen.fr/fr/notice/ovide-moralis%C3%A9-67
url69.html,https://rnbi.rouen.fr/fr/notice/ovide-moralis%C3%A9-68
url70.html,https://rnbi.rouen.fr/fr/notice/ovide-moralis%C3%A9-69
url71.html,https://rnbi.rouen.fr/fr/notice/ovide-moralis%C3%A9-70
url72.html,https://rnbi.rouen.fr/fr/notice/ovide-moralis%C3%A9-71
url73.html,https://rnbi.rouen.fr/fr/notice/ovide-moralis%C3%A9-72
url74.html,https://rnbi.rouen.fr/fr/notice/ovide-moralis%C3%A9-73
url75.html,https://rnbi.rouen.fr/fr/notice/ovide-moralis%C3%A9-74
url76.html,https://rnbi.rouen.fr/fr/notice/ovide-moralis%C3%A9-75
url77.html,https://rnbi.rouen.fr/fr/notice/ovide-moralis%C3%A9-76
url78.html,https://rnbi.rouen.fr/fr/notice/ovide-moralis%C3%A9-77
url79.html,https://rnbi.rouen.fr/fr/notice/ovide-moralis%C3%A9-78
url80.html,https://rnbi.rouen.fr/fr/notice/ovide-moralis%C3%A9-79
url81.html,https://rnbi.rouen.fr/fr/notice/ovide-moralis%C3%A9-80
url82.html,https://rnbi.rouen.fr/fr/notice/ovide-moralis%C3%A9-81
url83.html,https://rnbi.rouen.fr/fr/notice/ovide-moralis%C3%A9-82
url84.html,https://rnbi.rouen.fr/fr/notice/ovide-moralis%C3%A9-83
url85.html,https://rnbi.rouen.fr/fr/notice/ovide-moralis%C3%A9-84
url86.html,https://rnbi.rouen.fr/fr/notice/ovide-moralis%C3%A9-85
url87.html,https://rnbi.rouen.fr/fr/notice/ovide-moralis%C3%A9-86
url88.html,https://rnbi.rouen.fr/fr/notice/ovide-moralis%C3%A9-87
url89.html,https://rnbi.rouen.fr/fr/notice/ovide-moralis%C3%A9-88
url90.html,https://rnbi.rouen.fr/fr/notice/ovide-moralis%C3%A9-89
url91.html,https://rnbi.rouen.fr/fr/notice/ovide-moralis%C3%A9-90
url92.html,https://rnbi.rouen.fr/fr/notice/ovide-moralis%C3%A9-91
url93.html,https://rnbi.rouen.fr/fr/notice/ovide-moralis%C3%A9-92
url94.html,https://rnbi.rouen.fr/fr/notice/ovide-moralis%C3%A9-93
url95.html,https://rnbi.rouen.fr/fr/notice/ovide-moralis%C3%A9-94
url96.html,https://rnbi.rouen.fr/fr/notice/ovide-moralis%C3%A9-95
url97.html,https://rnbi.rouen.fr/fr/notice/ovide-moralis%C3%A9-96
url98.html,https://rnbi.rouen.fr/fr/notice/ovide-moralis%C3%A9-97
url99.html,https://rnbi.rouen.fr/fr/notice/ovide-moralis%C3%A9-98
url100.html,https://rnbi.rouen.fr/fr/notice/ovide-moralis%C3%A9-99
url101.html,https://rnbi.rouen.fr/fr/notice/ovide-moralis%C3%A9-100
url102.html,https://rnbi.rouen.fr/fr/notice/ovide-moralis%C3%A9-101
url103.html,https://rnbi.rouen.fr/fr/notice/ovide-moralis%C3%A9-102
url104.html,https://rnbi.rouen.fr/fr/notice/ovide-moralis%C3%A9-103
url105.html,https://rnbi.rouen.fr/fr/notice/ovide-moralis%C3%A9-104
url106.html,https://rnbi.rouen.fr/fr/notice/ovide-moralis%C3%A9-105
url107.html,https://rnbi.rouen.fr/fr/notice/ovide-moralis%C3%A9-106
url108.html,https://rnbi.rouen.fr/fr/notice/ovide-moralis%C3%A9-107
url109.html,https://rnbi.rouen.fr/fr/notice/ovide-moralis%C3%A9-108
url110.html,https://rnbi.rouen.fr/fr/notice/ovide-moralis%C3%A9-109
url111.html,https://rnbi.rouen.fr/fr/notice/ovide-moralis%C3%A9-110
url112.html,https://rnbi.rouen.fr/fr/notice/ovide-moralis%C3%A9-111
url113.html,https://rnbi.rouen.fr/fr/notice/ovide-moralis%C3%A9-112
url114.html,https://rnbi.rouen.fr/fr/notice/ovide-moralis%C3%A9-113
url115.html,https://rnbi.rouen.fr/fr/notice/ovide-moralis%C3%A9-114
url116.html,https://rnbi.rouen.fr/fr/notice/ovide-moralis%C3%A9-115
url117.html,https://rnbi.rouen.fr/fr/notice/ovide-moralis%C3%A9-116
url118.html,https://rnbi.rouen.fr/fr/notice/ovide-moralis%C3%A9-117
url119.html,https://rnbi.rouen.fr/fr/notice/ovide-moralis%C3%A9-118
url120.html,https://rnbi.rouen.fr/fr/notice/ovide-moralis%C3%A9-119
url121.html,https://rnbi.rouen.fr/fr/notice/ovide-moralis%C3%A9-120
url122.html,https://rnbi.rouen.fr/fr/notice/ovide-moralis%C3%A9-121
url123.html,https://rnbi.rouen.fr/fr/notice/ovide-moralis%C3%A9-122
url124.html,https://rnbi.rouen.fr/fr/notice/ovide-moralis%C3%A9-123
url125.html,https://rnbi.rouen.fr/fr/notice/ovide-moralis%C3%A9-124
url126.html,https://rnbi.rouen.fr/fr/notice/ovide-moralis%C3%A9-125
url127.html,https://rnbi.rouen.fr/fr/notice/ovide-moralis%C3%A9-126
url128.html,https://rnbi.rouen.fr/fr/notice/ovide-moralis%C3%A9-127
url129.html,https://rnbi.rouen.fr/fr/notice/ovide-moralis%C3%A9-128
url130.html,https://rnbi.rouen.fr/fr/notice/ovide-moralis%C3%A9-129
url131.html,https://rnbi.rouen.fr/fr/notice/ovide-moralis%C3%A9-130
url132.html,https://rnbi.rouen.fr/fr/notice/ovide-moralis%C3%A9-131
url133.html,https://rnbi.rouen.fr/fr/notice/ovide-moralis%C3%A9-132
url134.html,https://rnbi.rouen.fr/fr/notice/ovide-moralis%C3%A9-133
url135.html,https://rnbi.rouen.fr/fr/notice/ovide-moralis%C3%A9-134
url136.html,https://rnbi.rouen.fr/fr/notice/ovide-moralis%C3%A9-135
url137.html,https://rnbi.rouen.fr/fr/notice/ovide-moralis%C3%A9-136
url138.html,https://rnbi.rouen.fr/fr/notice/ovide-moralis%C3%A9-137
url139.html,https://rnbi.rouen.fr/fr/notice/ovide-moralis%C3%A9-138
url140.html,https://rnbi.rouen.fr/fr/notice/ovide-moralis%C3%A9-139
url141.html,https://rnbi.rouen.fr/fr/notice/ovide-moralis%C3%A9-140
url142.html,https://rnbi.rouen.fr/fr/notice/ovide-moralis%C3%A9-141
url143.html,https://rnbi.rouen.fr/fr/notice/ovide-moralis%C3%A9-142
url144.html,https://rnbi.rouen.fr/fr/notice/ovide-moralis%C3%A9-143
url145.html,https://rnbi.rouen.fr/fr/notice/ovide-moralis%C3%A9-144
url146.html,https://rnbi.rouen.fr/fr/notice/ovide-moralis%C3%A9-145
url147.html,https://rnbi.rouen.fr/fr/notice/ovide-moralis%C3%A9-146
url148.html,https://rnbi.rouen.fr/fr/notice/ovide-moralis%C3%A9-147
url149.html,https://rnbi.rouen.fr/fr/notice/ovide-moralis%C3%A9-148
url150.html,https://rnbi.rouen.fr/fr/notice/ovide-moralis%C3%A9-149
url151.html,https://rnbi.rouen.fr/fr/notice/ovide-moralis%C3%A9-150
url152.html,https://rnbi.rouen.fr/fr/notice/ovide-moralis%C3%A9-151
url153.html,https://rnbi.rouen.fr/fr/notice/ovide-moralis%C3%A9-152
url154.html,https://rnbi.rouen.fr/fr/notice/ovide-moralis%C3%A9-153
url155.html,https://rnbi.rouen.fr/fr/notice/ovide-moralis%C3%A9-154
url156.html,https://rnbi.rouen.fr/fr/notice/ovide-moralis%C3%A9-155
url157.html,https://rnbi.rouen.fr/fr/notice/ovide-moralis%C3%A9-156
url158.html,https://rnbi.rouen.fr/fr/notice/ovide-moralis%C3%A9-157
url159.html,https://rnbi.rouen.fr/fr/notice/ovide-moralis%C3%A9-158
url160.html,https://rnbi.rouen.fr/fr/notice/ovide-moralis%C3%A9-159
url161.html,https://rnbi.rouen.fr/fr/notice/ovide-moralis%C3%A9-160
url162.html,https://rnbi.rouen.fr/fr/notice/ovide-moralis%C3%A9-161
url163.html,https://rnbi.rouen.fr/fr/notice/ovide-moralis%C3%A9-162
url164.html,https://rnbi.rouen.fr/fr/notice/ovide-moralis%C3%A9-163
url165.html,https://rnbi.rouen.fr/fr/notice/ovide-moralis%C3%A9-164
url166.html,https://rnbi.rouen.fr/fr/notice/ovide-moralis%C3%A9-165
url167.html,https://rnbi.rouen.fr/fr/notice/ovide-moralis%C3%A9-166
url168.html,https://rnbi.rouen.fr/fr/notice/ovide-moralis%C3%A9-167
url169.html,https://rnbi.rouen.fr/fr/notice/ovide-moralis%C3%A9-168
url170.html,https://rnbi.rouen.fr/fr/notice/ovide-moralis%C3%A9-169
url171.html,https://rnbi.rouen.fr/fr/notice/ovide-moralis%C3%A9-170
url172.html,https://rnbi.rouen.fr/fr/notice/ovide-moralis%C3%A9-171
url173.html,https://rnbi.rouen.fr/fr/notice/ovide-moralis%C3%A9-172
url174.html,https://rnbi.rouen.fr/fr/notice/ovide-moralis%C3%A9-173
url175.html,https://rnbi.rouen.fr/fr/notice/ovide-moralis%C3%A9-174
url176.html,https://rnbi.rouen.fr/fr/notice/ovide-moralis%C3%A9-175
url177.html,https://rnbi.rouen.fr/fr/notice/ovide-moralis%C3%A9-176
url178.html,https://rnbi.rouen.fr/fr/notice/ovide-moralis%C3%A9-177
url179.html,https://rnbi.rouen.fr/fr/notice/ovide-moralis%C3%A9-178
url180.html,https://rnbi.rouen.fr/fr/notice/ovide-moralis%C3%A9-179
url181.html,https://rnbi.rouen.fr/fr/notice/ovide-moralis%C3%A9-180
url182.html,https://rnbi.rouen.fr/fr/notice/ovide-moralis%C3%A9-181
url183.html,https://rnbi.rouen.fr/fr/notice/ovide-moralis%C3%A9-182
url184.html,https://rnbi.rouen.fr/fr/notice/ovide-moralis%C3%A9-183
url185.html,https://rnbi.rouen.fr/fr/notice/ovide-moralis%C3%A9-184
url186.html,https://rnbi.rouen.fr/fr/notice/ovide-moralis%C3%A9-185
url187.html,https://rnbi.rouen.fr/fr/notice/ovide-moralis%C3%A9-186
url188.html,https://rnbi.rouen.fr/fr/notice/ovide-moralis%C3%A9-187
url189.html,https://rnbi.rouen.fr/fr/notice/ovide-moralis%C3%A9-188
url190.html,https://rnbi.rouen.fr/fr/notice/ovide-moralis%C3%A9-189
url191.html,https://rnbi.rouen.fr/fr/notice/ovide-moralis%C3%A9-190
url192.html,https://rnbi.rouen.fr/fr/notice/ovide-moralis%C3%A9-191
url193.html,https://rnbi.rouen.fr/fr/notice/ovide-moralis%C3%A9-192
url194.html,https://rnbi.rouen.fr/fr/notice/ovide-moralis%C3%A9-193
url195.html,https://rnbi.rouen.fr/fr/notice/ovide-moralis%C3%A9-194
url196.html,https://rnbi.rouen.fr/fr/notice/ovide-moralis%C3%A9-195
url197.html,https://rnbi.rouen.fr/fr/notice/ovide-moralis%C3%A9-196
url198.html,https://rnbi.rouen.fr/fr/notice/ovide-moralis%C3%A9-197
url199.html,https://rnbi.rouen.fr/fr/notice/ovide-moralis%C3%A9-198
url200.html,https://rnbi.rouen.fr/fr/notice/ovide-moralis%C3%A9-199
url201.html,https://rnbi.rouen.fr/fr/notice/ovide-moralis%C3%A9-200
url202.html,https://rnbi.rouen.fr/fr/notice/ovide-moralis%C3%A9-201
url203.html,https://rnbi.rouen.fr/fr/notice/ovide-moralis%C3%A9-202
url204.html,https://rnbi.rouen.fr/fr/notice/ovide-moralis%C3%A9-203
url205.html,https://rnbi.rouen.fr/fr/notice/ovide-moralis%C3%A9-204
url206.html,https://rnbi.rouen.fr/fr/notice/ovide-moralis%C3%A9-205
url207.html,https://rnbi.rouen.fr/fr/notice/ovide-moralis%C3%A9-206
url208.html,https://rnbi.rouen.fr/fr/notice/ovide-moralis%C3%A9-207
url209.html,https://rnbi.rouen.fr/fr/notice/ovide-moralis%C3%A9-208
url210.html,https://rnbi.rouen.fr/fr/notice/ovide-moralis%C3%A9-209
url211.html,https://rnbi.rouen.fr/fr/notice/ovide-moralis%C3%A9-210
url212.html,https://rnbi.rouen.fr/fr/notice/ovide-moralis%C3%A9-211
url213.html,https://rnbi.rouen.fr/fr/notice/ovide-moralis%C3%A9-212
url214.html,https://rnbi.rouen.fr/fr/notice/ovide-moralis%C3%A9-213
url215.html,https://rnbi.rouen.fr/fr/notice/ovide-moralis%C3%A9-214
url216.html,https://rnbi.rouen.fr/fr/notice/ovide-moralis%C3%A9-215
url217.html,https://rnbi.rouen.fr/fr/notice/ovide-moralis%C3%A9-216
url218.html,https://rnbi.rouen.fr/fr/notice/ovide-moralis%C3%A9-217
url219.html,https://rnbi.rouen.fr/fr/notice/ovide-moralis%C3%A9-218
url220.html,https://rnbi.rouen.fr/fr/notice/ovide-moralis%C3%A9-219
url221.html,https://rnbi.rouen.fr/fr/notice/ovide-moralis%C3%A9-220
url222.html,https://rnbi.rouen.fr/fr/notice/ovide-moralis%C3%A9-221
url223.html,https://rnbi.rouen.fr/fr/notice/ovide-moralis%C3%A9-222
url224.html,https://rnbi.rouen.fr/fr/notice/ovide-moralis%C3%A9-223
url225.html,https://rnbi.rouen.fr/fr/notice/ovide-moralis%C3%A9-224
url226.html,https://rnbi.rouen.fr/fr/notice/ovide-moralis%C3%A9-225
url227.html,https://rnbi.rouen.fr/fr/notice/ovide-moralis%C3%A9-226
url228.html,https://rnbi.rouen.fr/fr/notice/ovide-moralis%C3%A9-227
url229.html,https://rnbi.rouen.fr/fr/notice/ovide-moralis%C3%A9-228
url230.html,https://rnbi.rouen.fr/fr/notice/ovide-moralis%C3%A9-229
url231.html,https://rnbi.rouen.fr/fr/notice/ovide-moralis%C3%A9-230
url232.html,https://rnbi.rouen.fr/fr/notice/ovide-moralis%C3%A9-231
url233.html,https://rnbi.rouen.fr/fr/notice/ovide-moralis%C3%A9-232
url234.html,https://rnbi.rouen.fr/fr/notice/ovide-moralis%C3%A9-233
url235.html,https://rnbi.rouen.fr/fr/notice/ovide-moralis%C3%A9-234
url236.html,https://rnbi.rouen.fr/fr/notice/ovide-moralis%C3%A9-235
url237.html,https://rnbi.rouen.fr/fr/notice/ovide-moralis%C3%A9-236
url238.html,https://rnbi.rouen.fr/fr/notice/ovide-moralis%C3%A9-237
url239.html,https://rnbi.rouen.fr/fr/notice/ovide-moralis%C3%A9-238
url240.html,https://rnbi.rouen.fr/fr/notice/ovide-moralis%C3%A9-239
url241.html,https://rnbi.rouen.fr/fr/notice/ovide-moralis%C3%A9-240
url242.html,https://rnbi.rouen.fr/fr/notice/ovide-moralis%C3%A9-241
url243.html,https://rnbi.rouen.fr/fr/notice/ovide-moralis%C3%A9-242
url244.html,https://rnbi.rouen.fr/fr/notice/ovide-moralis%C3%A9-243
url245.html,https://rnbi.rouen.fr/fr/notice/ovide-moralis%C3%A9-244
url246.html,https://rnbi.rouen.fr/fr/notice/ovide-moralis%C3%A9-245
url247.html,https://rnbi.rouen.fr/fr/notice/ovide-moralis%C3%A9-246
url248.html,https://rnbi.rouen.fr/fr/notice/ovide-moralis%C3%A9-247
url249.html,https://rnbi.rouen.fr/fr/notice/ovide-moralis%C3%A9-248
url250.html,https://rnbi.rouen.fr/fr/notice/ovide-moralis%C3%A9-249
url251.html,https://rnbi.rouen.fr/fr/notice/ovide-moralis%C3%A9-250
url252.html,https://rnbi.rouen.fr/fr/notice/ovide-moralis%C3%A9-251
url253.html,https://rnbi.rouen.fr/fr/notice/ovide-moralis%C3%A9-252
url254.html,https://rnbi.rouen.fr/fr/notice/ovide-moralis%C3%A9-253
url255.html,https://rnbi.rouen.fr/fr/notice/ovide-moralis%C3%A9-254
url256.html,https://rnbi.rouen.fr/fr/notice/ovide-moralis%C3%A9-255
url257.html,https://rnbi.rouen.fr/fr/notice/ovide-moralis%C3%A9-256
url258.html,https://rnbi.rouen.fr/fr/notice/ovide-moralis%C3%A9-257
url259.html,https://rnbi.rouen.fr/fr/notice/ovide-moralis%C3%A9-258
url260.html,https://rnbi.rouen.fr/fr/notice/ovide-moralis%C3%A9-259
url261.html,https://rnbi.rouen.fr/fr/notice/ovide-moralis%C3%A9-260
url262.html,https://rnbi.rouen.fr/fr/notice/ovide-moralis%C3%A9-261
url263.html,https://rnbi.rouen.fr/fr/notice/ovide-moralis%C3%A9-262
url264.html,https://rnbi.rouen.fr/fr/notice/ovide-moralis%C3%A9-263
url265.html,https://rnbi.rouen.fr/fr/notice/ovide-moralis%C3%A9-264
url266.html,https://rnbi.rouen.fr/fr/notice/ovide-moralis%C3%A9-265
url267.html,https://rnbi.rouen.fr/fr/notice/ovide-moralis%C3%A9-266
url268.html,https://rnbi.rouen.fr/fr/notice/ovide-moralis%C3%A9-267
url269.html,https://rnbi.rouen.fr/fr/notice/ovide-moralis%C3%A9-268
url270.html,https://rnbi.rouen.fr/fr/notice/ovide-moralis%C3%A9-269
url271.html,https://rnbi.rouen.fr/fr/notice/ovide-moralis%C3%A9-270
url272.html,https://rnbi.rouen.fr/fr/notice/ovide-moralis%C3%A9-271
url273.html,https://rnbi.rouen.fr/fr/notice/ovide-moralis%C3%A9-272
url274.html,https://rnbi.rouen.fr/fr/notice/ovide-moralis%C3%A9-273
url275.html,https://rnbi.rouen.fr/fr/notice/ovide-moralis%C3%A9-274
url276.html,https://rnbi.rouen.fr/fr/notice/ovide-moralis%C3%A9-275
url277.html,https://rnbi.rouen.fr/fr/notice/ovide-moralis%C3%A9-276
url278.html,https://rnbi.rouen.fr/fr/notice/ovide-moralis%C3%A9-277
url279.html,https://rnbi.rouen.fr/fr/notice/ovide-moralis%C3%A9-278
url280.html,https://rnbi.rouen.fr/fr/notice/ovide-moralis%C3%A9-279
url281.html,https://rnbi.rouen.fr/fr/notice/ovide-moralis%C3%A9-280
url282.html,https://rnbi.rouen.fr/fr/notice/ovide-moralis%C3%A9-281
url283.html,https://rnbi.rouen.fr/fr/notice/ovide-moralis%C3%A9-282
url284.html,https://rnbi.rouen.fr/fr/notice/ovide-moralis%C3%A9-283
url285.html,https://rnbi.rouen.fr/fr/notice/ovide-moralis%C3%A9-284
url286.html,https://rnbi.rouen.fr/fr/notice/ovide-moralis%C3%A9-285
url287.html,https://rnbi.rouen.fr/fr/notice/ovide-moralis%C3%A9-286
url288.html,https://rnbi.rouen.fr/fr/notice/ovide-moralis%C3%A9-287
url289.html,https://rnbi.rouen.fr/fr/notice/ovide-moralis%C3%A9-288
url290.html,https://rnbi.rouen.fr/fr/notice/ovide-moralis%C3%A9-289
url291.html,https://rnbi.rouen.fr/fr/notice/ovide-moralis%C3%A9-290
url292.html,https://rnbi.rouen.fr/fr/notice/ovide-moralis%C3%A9-291
url293.html,https://rnbi.rouen.fr/fr/notice/ovide-moralis%C3%A9-292
url294.html,https://rnbi.rouen.fr/fr/notice/ovide-moralis%C3%A9-293
url295.html,https://rnbi.rouen.fr/fr/notice/ovide-moralis%C3%A9-294
url296.html,https://rnbi.rouen.fr/fr/notice/ovide-moralis%C3%A9-295
url297.html,https://rnbi.rouen.fr/fr/notice/ovide-moralis%C3%A9-296
url298.html,https://rnbi.rouen.fr/fr/notice/ovide-moralis%C3%A9-297
url299.html,https://rnbi.rouen.fr/fr/notice/ovide-moralis%C3%A9-298
url300.html,https://rnbi.rouen.fr/fr/notice/ovide-moralis%C3%A9-299
url301.html,https://rnbi.rouen.fr/fr/notice/ovide-moralis%C3%A9-300
url302.html,https://rnbi.rouen.fr/fr/notice/ovide-moralis%C3%A9-301
url303.html,https://rnbi.rouen.fr/fr/notice/ovide-moralis%C3%A9-302
url304.html,https://rnbi.rouen.fr/fr/notice/ovide-moralis%C3%A9-303
url305.html,https://rnbi.rouen.fr/fr/notice/ovide-moralis%C3%A9-304
url306.html,https://rnbi.rouen.fr/fr/notice/ovide-moralis%C3%A9-305
url307.html,https://rnbi.rouen.fr/fr/notice/ovide-moralis%C3%A9-306
url308.html,https://rnbi.rouen.fr/fr/notice/ovide-moralis%C3%A9-307
url309.html,https://rnbi.rouen.fr/fr/notice/ovide-moralis%C3%A9-308
url310.html,https://rnbi.rouen.fr/fr/notice/ovide-moralis%C3%A9-309
url311.html,https://rnbi.rouen.fr/fr/notice/ovide-moralis%C3%A9-310
url312.html,https://rnbi.rouen.fr/fr/notice/ovide-moralis%C3%A9-311
url313.html,https://rnbi.rouen.fr/fr/notice/ovide-moralis%C3%A9-312
url314.html,https://rnbi.rouen.fr/fr/notice/ovide-moralis%C3%A9-313
url315.html,https://rnbi.rouen.fr/fr/notice/ovide-moralis%C3%A9-314
url316.html,https://rnbi.rouen.fr/fr/notice/ovide-moralis%C3%A9-315
url317.html,https://rnbi.rouen.fr/fr/notice/ovide-moralis%C3%A9-316
url318.html,https://rnbi.rouen.fr/fr/notice/ovide-moralis%C3%A9-317
url319.html,https://rnbi.rouen.fr/fr/notice/ovide-moralis%C3%A9-318
url320.html,https://rnbi.rouen.fr/fr/notice/ovide-moralis%C3%A9-319
url321.html,https://rnbi.rouen.fr/fr/notice/ovide-moralis%C3%A9-320
url322.html,https://rnbi.rouen.fr/fr/notice/ovide-moralis%C3%A9-321
url323.html,https://rnbi.rouen.fr/fr/notice/ovide-moralis%C3%A9-322
url324.html,https://rnbi.rouen.fr/fr/notice/ovide-moralis%C3%A9-323
url325.html,https://rnbi.rouen.fr/fr/notice/ovide-moralis%C3%A9-324
url326.html,https://rnbi.rouen.fr/fr/notice/ovide-moralis%C3%A9-325
url327.html,https://rnbi.rouen.fr/fr/notice/ovide-moralis%C3%A9-326
url328.html,https://rnbi.rouen.fr/fr/notice/ovide-moralis%C3%A9-327
url329.html,https://rnbi.rouen.fr/fr/notice/ovide-moralis%C3%A9-328
url330.html,https://rnbi.rouen.fr/fr/notice/ovide-moralis%C3%A9-329
url331.html,https://rnbi.rouen.fr/fr/notice/ovide-moralis%C3%A9-330
url332.html,https://rnbi.rouen.fr/fr/notice/ovide-moralis%C3%A9-331
url333.html,https://rnbi.rouen.fr/fr/notice/ovide-moralis%C3%A9-332
url334.html,https://rnbi.rouen.fr/fr/notice/ovide-moralis%C3%A9-333
url335.html,https://rnbi.rouen.fr/fr/notice/ovide-moralis%C3%A9-334
url336.html,https://rnbi.rouen.fr/fr/notice/ovide-moralis%C3%A9-335
url337.html,https://rnbi.rouen.fr/fr/notice/ovide-moralis%C3%A9-336
url338.html,https://rnbi.rouen.fr/fr/notice/ovide-moralis%C3%A9-337
url339.html,https://rnbi.rouen.fr/fr/notice/ovide-moralis%C3%A9-338
url340.html,https://rnbi.rouen.fr/fr/notice/ovide-moralis%C3%A9-339
url341.html,https://rnbi.rouen.fr/fr/notice/ovide-moralis%C3%A9-340
url342.html,https://rnbi.rouen.fr/fr/notice/ovide-moralis%C3%A9-341
url343.html,https://rnbi.rouen.fr/fr/notice/ovide-moralis%C3%A9-342
url344.html,https://rnbi.rouen.fr/fr/notice/ovide-moralis%C3%A9-343
url345.html,https://rnbi.rouen.fr/fr/notice/ovide-moralis%C3%A9-344
url346.html,https://rnbi.rouen.fr/fr/notice/ovide-moralis%C3%A9-345
url347.html,https://rnbi.rouen.fr/fr/notice/ovide-moralis%C3%A9-346
url348.html,https://rnbi.rouen.fr/fr/notice/ovide-moralis%C3%A9-347
url349.html,https://rnbi.rouen.fr/fr/notice/ovide-moralis%C3%A9-348
url350.html,https://rnbi.rouen.fr/fr/notice/ovide-moralis%C3%A9-349
url351.html,https://rnbi.rouen.fr/fr/notice/ovide-moralis%C3%A9-350
url352.html,https://rnbi.rouen.fr/fr/notice/ovide-moralis%C3%A9-351
url353.html,https://rnbi.rouen.fr/fr/notice/ovide-moralis%C3%A9-352
url354.html,https://rnbi.rouen.fr/fr/notice/ovide-moralis%C3%A9-353
url355.html,https://rnbi.rouen.fr/fr/notice/ovide-moralis%C3%A9-354
url356.html,https://rnbi.rouen.fr/fr/notice/ovide-moralis%C3%A9-355
url357.html,https://rnbi.rouen.fr/fr/notice/ovide-moralis%C3%A9-356
url358.html,https://rnbi.rouen.fr/fr/notice/ovide-moralis%C3%A9-357
url359.html,https://rnbi.rouen.fr/fr/notice/ovide-moralis%C3%A9-358
url360.html,https://rnbi.rouen.fr/fr/notice/ovide-moralis%C3%A9-359
url361.html,https://rnbi.rouen.fr/fr/notice/ovide-moralis%C3%A9-360
url362.html,https://rnbi.rouen.fr/fr/notice/ovide-moralis%C3%A9-361
url363.html,https://rnbi.rouen.fr/fr/notice/ovide-moralis%C3%A9-362
url364.html,https://rnbi.rouen.fr/fr/notice/ovide-moralis%C3%A9-363
url365.html,https://rnbi.rouen.fr/fr/notice/ovide-moralis%C3%A9-364
url366.html,https://rnbi.rouen.fr/fr/notice/ovide-moralis%C3%A9-365
url367.html,https://rnbi.rouen.fr/fr/notice/ovide-moralis%C3%A9-366
url368.html,https://rnbi.rouen.fr/fr/notice/ovide-moralis%C3%A9-367
url369.html,https://rnbi.rouen.fr/fr/notice/ovide-moralis%C3%A9-368
url370.html,https://rnbi.rouen.fr/fr/notice/ovide-moralis%C3%A9-369
url371.html,https://rnbi.rouen.fr/fr/notice/ovide-moralis%C3%A9-370
url372.html,https://rnbi.rouen.fr/fr/notice/ovide-moralis%C3%A9-371
url373.html,https://rnbi.rouen.fr/fr/notice/ovide-moralis%C3%A9-372
url374.html,https://rnbi.rouen.fr/fr/notice/ovide-moralis%C3%A9-373
url375.html,https://rnbi.rouen.fr/fr/notice/ovide-moralis%C3%A9-374
url376.html,https://rnbi.rouen.fr/fr/notice/ovide-moralis%C3%A9-375
url377.html,https://rnbi.rouen.fr/fr/notice/ovide-moralis%C3%A9-376
url378.html,https://rnbi.rouen.fr/fr/notice/ovide-moralis%C3%A9-377
url379.html,https://rnbi.rouen.fr/fr/notice/ovide-moralis%C3%A9-378
url380.html,https://rnbi.rouen.fr/fr/notice/ovide-moralis%C3%A9-379
url381.html,https://rnbi.rouen.fr/fr/notice/ovide-moralis%C3%A9-380
url382.html,https://rnbi.rouen.fr/fr/notice/ovide-moralis%C3%A9-381
url383.html,https://rnbi.rouen.fr/fr/notice/ovide-moralis%C3%A9-382
url384.html,https://rnbi.rouen.fr/fr/notice/ovide-moralis%C3%A9-383
url385.html,https://rnbi.rouen.fr/fr/notice/ovide-moralis%C3%A9-384
url386.html,https://rnbi.rouen.fr/fr/notice/ovide-moralis%C3%A9-385
url387.html,https://rnbi.rouen.fr/fr/notice/ovide-moralis%C3%A9-386
url388.html,https://rnbi.rouen.fr/fr/notice/ovide-moralis%C3%A9-387
url389.html,https://rnbi.rouen.fr/fr/notice/ovide-moralis%C3%A9-388
url390.html,https://rnbi.rouen.fr/fr/notice/ovide-moralis%C3%A9-389
url391.html,https://rnbi.rouen.fr/fr/notice/ovide-moralis%C3%A9-390
url392.html,https://rnbi.rouen.fr/fr/notice/ovide-moralis%C3%A9-391
url393.html,https://rnbi.rouen.fr/fr/notice/ovide-moralis%C3%A9-392
url394.html,https://rnbi.rouen.fr/fr/notice/ovide-moralis%C3%A9-393
url395.html,https://rnbi.rouen.fr/fr/notice/ovide-moralis%C3%A9-394
url396.html,https://rnbi.rouen.fr/fr/notice/ovide-moralis%C3%A9-395
url397.html,https://rnbi.rouen.fr/fr/notice/ovide-moralis%C3%A9-396
url398.html,https://rnbi.rouen.fr/fr/notice/ovide-moralis%C3%A9-397
url399.html,https://rnbi.rouen.fr/fr/notice/ovide-moralis%C3%A9-398
url400.html,https://rnbi.rouen.fr/fr/notice/ovide-moralis%C3%A9-399
url401.html,https://rnbi.rouen.fr/fr/notice/ovide-moralis%C3%A9-400
url402.html,https://rnbi.rouen.fr/fr/notice/ovide-moralis%C3%A9-401
url403.html,https://rnbi.rouen.fr/fr/notice/ovide-moralis%C3%A9-402
url404.html,https://rnbi.rouen.fr/fr/notice/ovide-moralis%C3%A9-403
url405.html,https://rnbi.rouen.fr/fr/notice/ovide-moralis%C3%A9-404
url406.html,https://rnbi.rouen.fr/fr/notice/ovide-moralis%C3%A9-405
url407.html,https://rnbi.rouen.fr/fr/notice/ovide-moralis%C3%A9-406
url408.html,https://rnbi.rouen.fr/fr/notice/ovide-moralis%C3%A9-407
url409.html,https://rnbi.rouen.fr/fr/notice/ovide-moralis%C3%A9-408
url410.html,https://rnbi.rouen.fr/fr/notice/ovide-moralis%C3%A9-409
url411.html,https://rnbi.rouen.fr/fr/notice/ovide-moralis%C3%A9-410
url412.html,https://rnbi.rouen.fr/fr/notice/ovide-moralis%C3%A9-411
url413.html,https://rnbi.rouen.fr/fr/notice/ovide-moralis%C3%A9-412
url414.html,https://rnbi.rouen.fr/fr/notice/ovide-moralis%C3%A9-413
url415.html,https://rnbi.rouen.fr/fr/notice/ovide-moralis%C3%A9-414
url416.html,https://rnbi.rouen.fr/fr/notice/ovide-moralis%C3%A9-415
url417.html,https://rnbi.rouen.fr/fr/notice/ovide-moralis%C3%A9-416
url418.html,https://rnbi.rouen.fr/fr/notice/ovide-moralis%C3%A9-417
url419.html,https://rnbi.rouen.fr/fr/notice/ovide-moralis%C3%A9-418
url420.html,https://rnbi.rouen.fr/fr/notice/ovide-moralis%C3%A9-419
url421.html,https://rnbi.rouen.fr/fr/notice/ovide-moralis%C3%A9-420
url422.html,https://rnbi.rouen.fr/fr/notice/ovide-moralis%C3%A9-421
url423.html,https://rnbi.rouen.fr/fr/notice/ovide-moralis%C3%A9-422
url424.html,https://rnbi.rouen.fr/fr/notice/ovide-moralis%C3%A9-423
url425.html,https://rnbi.rouen.fr/fr/notice/ovide-moralis%C3%A9-424
url426.html,https://rnbi.rouen.fr/fr/notice/ovide-moralis%C3%A9-425
url427.html,https://rnbi.rouen.fr/fr/notice/ovide-moralis%C3%A9-426
url428.html,https://rnbi.rouen.fr/fr/notice/ovide-moralis%C3%A9-427
url429.html,https://rnbi.rouen.fr/fr/notice/ovide-moralis%C3%A9-428
url430.html,https://rnbi.rouen.fr/fr/notice/ovide-moralis%C3%A9-429
url431.html,https://rnbi.rouen.fr/fr/notice/ovide-moralis%C3%A9-430
url432.html,https://rnbi.rouen.fr/fr/notice/ovide-moralis%C3%A9-431
url433.html,https://rnbi.rouen.fr/fr/notice/ovide-moralis%C3%A9-432
url434.html,https://rnbi.rouen.fr/fr/notice/ovide-moralis%C3%A9-433
url435.html,https://rnbi.rouen.fr/fr/notice/ovide-moralis%C3%A9-434
url436.html,https://rnbi.rouen.fr/fr/notice/ovide-moralis%C3%A9-435
url437.html,https://rnbi.rouen.fr/fr/notice/ovide-moralis%C3%A9-436
url438.html,https://rnbi.rouen.fr/fr/notice/ovide-moralis%C3%A9-437
url439.html,https://rnbi.rouen.fr/fr/notice/ovide-moralis%C3%A9-438
url440.html,https://rnbi.rouen.fr/fr/notice/ovide-moralis%C3%A9-439
url441.html,https://rnbi.rouen.fr/fr/notice/ovide-moralis%C3%A9-440
url442.html,https://rnbi.rouen.fr/fr/notice/ovide-moralis%C3%A9-441
url443.html,https://rnbi.rouen.fr/fr/notice/ovide-moralis%C3%A9-442
url444.html,https://rnbi.rouen.fr/fr/notice/ovide-moralis%C3%A9-443
url445.html,https://rnbi.rouen.fr/fr/notice/ovide-moralis%C3%A9-444
url446.html,https://rnbi.rouen.fr/fr/notice/ovide-moralis%C3%A9-445
url447.html,https://rnbi.rouen.fr/fr/notice/ovide-moralis%C3%A9-446
url448.html,https://rnbi.rouen.fr/fr/notice/ovide-moralis%C3%A9-447
url449.html,https://rnbi.rouen.fr/fr/notice/ovide-moralis%C3%A9-448
url450.html,https://rnbi.rouen.fr/fr/notice/ovide-moralis%C3%A9-449
url451.html,https://rnbi.rouen.fr/fr/notice/ovide-moralis%C3%A9-450
url452.html,https://rnbi.rouen.fr/fr/notice/ovide-moralis%C3%A9-451
url453.html,https://rnbi.rouen.fr/fr/notice/ovide-moralis%C3%A9-452
url454.html,https://rnbi.rouen.fr/fr/notice/ovide-moralis%C3%A9-453
url455.html,https://rnbi.rouen.fr/fr/notice/ovide-moralis%C3%A9-454
url456.html,https://rnbi.rouen.fr/fr/notice/ovide-moralis%C3%A9-455
url457.html,https://rnbi.rouen.fr/fr/notice/ovide-moralis%C3%A9-456
url458.html,https://rnbi.rouen.fr/fr/notice/ovide-moralis%C3%A9-457
url459.html,https://rnbi.rouen.fr/fr/notice/ovide-moralis%C3%A9-458
url460.html,https://rnbi.rouen.fr/fr/notice/ovide-moralis%C3%A9-459
url461.html,https://rnbi.rouen.fr/fr/notice/ovide-moralis%C3%A9-460
url462.html,https://rnbi.rouen.fr/fr/notice/ovide-moralis%C3%A9-461
url463.html,https://rnbi.rouen.fr/fr/notice/ovide-moralis%C3%A9-462
url464.html,https://rnbi.rouen.fr/fr/notice/ovide-moralis%C3%A9-463
url465.html,https://rnbi.rouen.fr/fr/notice/ovide-moralis%C3%A9-464
url466.html,https://rnbi.rouen.fr/fr/notice/ovide-moralis%C3%A9-465
url467.html,https://rnbi.rouen.fr/fr/notice/ovide-moralis%C3%A9-466
url468.html,https://rnbi.rouen.fr/fr/notice/ovide-moralis%C3%A9-467
url469.html,https://rnbi.rouen.fr/fr/notice/ovide-moralis%C3%A9-468
url470.html,https://rnbi.rouen.fr/fr/notice/ovide-moralis%C3%A9-469
url471.html,https://rnbi.rouen.fr/fr/notice/ovide-moralis%C3%A9-470
url472.html,https://rnbi.rouen.fr/fr/notice/ovide-moralis%C3%A9-471
url473.html,https://rnbi.rouen.fr/fr/notice/ovide-moralis%C3%A9-472
url474.html,https://rnbi.rouen.fr/fr/notice/ovide-moralis%C3%A9-473
url475.html,https://rnbi.rouen.fr/fr/notice/ovide-moralis%C3%A9-474
url476.html,https://rnbi.rouen.fr/fr/notice/ovide-moralis%C3%A9-475
url477.html,https://rnbi.rouen.fr/fr/notice/ovide-moralis%C3%A9-476
url478.html,https://rnbi.rouen.fr/fr/notice/ovide-moralis%C3%A9-477
url479.html,https://rnbi.rouen.fr/fr/notice/ovide-moralis%C3%A9-478
url480.html,https://rnbi.rouen.fr/fr/notice/ovide-moralis%C3%A9-479
url481.html,https://rnbi.rouen.fr/fr/notice/ovide-moralis%C3%A9-480
url482.html,https://rnbi.rouen.fr/fr/notice/ovide-moralis%C3%A9-481
url483.html,https://rnbi.rouen.fr/fr/notice/ovide-moralis%C3%A9-482
url484.html,https://rnbi.rouen.fr/fr/notice/ovide-moralis%C3%A9-483
url485.html,https://rnbi.rouen.fr/fr/notice/ovide-moralis%C3%A9-484
url486.html,https://rnbi.rouen.fr/fr/notice/ovide-moralis%C3%A9-485
url487.html,https://rnbi.rouen.fr/fr/notice/ovide-moralis%C3%A9-486
url488.html,https://rnbi.rouen.fr/fr/notice/ovide-moralis%C3%A9-487
url489.html,https://rnbi.rouen.fr/fr/notice/ovide-moralis%C3%A9-488
url490.html,https://rnbi.rouen.fr/fr/notice/ovide-moralis%C3%A9-489
url491.html,https://rnbi.rouen.fr/fr/notice/ovide-moralis%C3%A9-490
url492.html,https://rnbi.rouen.fr/fr/notice/ovide-moralis%C3%A9-491
url493.html,https://rnbi.rouen.fr/fr/notice/ovide-moralis%C3%A9-492
url494.html,https://rnbi.rouen.fr/fr/notice/ovide-moralis%C3%A9-493
url495.html,https://rnbi.rouen.fr/fr/notice/ovide-moralis%C3%A9-494
url496.html,https://rnbi.rouen.fr/fr/notice/ovide-moralis%C3%A9-495
url497.html,https://rnbi.rouen.fr/fr/notice/ovide-moralis%C3%A9-496
url498.html,https://rnbi.rouen.fr/fr/notice/ovide-moralis%C3%A9-497
url499.html,https://rnbi.rouen.fr/fr/notice/ovide-moralis%C3%A9-498
url500.html,https://rnbi.rouen.fr/fr/notice/ovide-moralis%C3%A9-499
url501.html,https://rnbi.rouen.fr/fr/notice/ovide-moralis%C3%A9-500
url502.html,https://rnbi.rouen.fr/fr/notice/ovide-moralis%C3%A9-501
url503.html,https://rnbi.rouen.fr/fr/notice/ovide-moralis%C3%A9-502
url504.html,https://rnbi.rouen.fr/fr/notice/ovide-moralis%C3%A9-503
url505.html,https://rnbi.rouen.fr/fr/notice/ovide-moralis%C3%A9-504
url506.html,https://rnbi.rouen.fr/fr/notice/ovide-moralis%C3%A9-505
url507.html,https://rnbi.rouen.fr/fr/notice/ovide-moralis%C3%A9-506
url508.html,https://rnbi.rouen.fr/fr/notice/ovide-moralis%C3%A9-507
url509.html,https://rnbi.rouen.fr/fr/notice/ovide-moralis%C3%A9-508
url510.html,https://rnbi.rouen.fr/fr/notice/ovide-moralis%C3%A9-509
url511.html,https://rnbi.rouen.fr/fr/notice/ovide-moralis%C3%A9-510
url512.html,https://rnbi.rouen.fr/fr/notice/ovide-moralis%C3%A9-511
url513.html,https://rnbi.rouen.fr/fr/notice/ovide-moralis%C3%A9-512
url514.html,https://rnbi.rouen.fr/fr/notice/ovide-moralis%C3%A9-513
url515.html,https://rnbi.rouen.fr/fr/notice/ovide-moralis%C3%A9-514
url516.html,https://rnbi.rouen.fr/fr/notice/ovide-moralis%C3%A9-515
url517.html,https://rnbi.rouen.fr/fr/notice/ovide-moralis%C3%A9-516
url518.html,https://rnbi.rouen.fr/fr/notice/ovide-moralis%C3%A9-517
url519.html,https://rnbi.rouen.fr/fr/notice/ovide-moralis%C3%A9-518
url520.html,https://rnbi.rouen.fr/fr/notice/ovide-moralis%C3%A9-519
url521.html,https://rnbi.rouen.fr/fr/notice/ovide-moralis%C3%A9-520
url522.html,https://rnbi.rouen.fr/fr/notice/ovide-moralis%C3%A9-521
url523.html,https://rnbi.rouen.fr/fr/notice/ovide-moralis%C3%A9-522
url524.html,https://rnbi.rouen.fr/fr/notice/ovide-moralis%C3%A9-523
url525.html,https://rnbi.rouen.fr/fr/notice/ovide-moralis%C3%A9-524
url526.html,https://rnbi.rouen.fr/fr/notice/ovide-moralis%C3%A9-525
url527.html,https://rnbi.rouen.fr/fr/notice/ovide-moralis%C3%A9-526
url528.html,https://rnbi.rouen.fr/fr/notice/ovide-moralis%C3%A9-527
url529.html,https://rnbi.rouen.fr/fr/notice/ovide-moralis%C3%A9-528
url530.html,https://rnbi.rouen.fr/fr/notice/ovide-moralis%C3%A9-529
url531.html,https://rnbi.rouen.fr/fr/notice/ovide-moralis%C3%A9-530
url532.html,https://rnbi.rouen.fr/fr/notice/ovide-moralis%C3%A9-531
url533.html,https://rnbi.rouen.fr/fr/notice/ovide-moralis%C3%A9-532
url534.html,https://rnbi.rouen.fr/fr/notice/ovide-moralis%C3%A9-533
url535.html,https://rnbi.rouen.fr/fr/notice/ovide-moralis%C3%A9-534
url536.html,https://rnbi.rouen.fr/fr/notice/ovide-moralis%C3%A9-535
url537.html,https://rnbi.rouen.fr/fr/notice/ovide-moralis%C3%A9-536
url538.html,https://rnbi.rouen.fr/fr/notice/ovide-moralis%C3%A9-537
url539.html,https://rnbi.rouen.fr/fr/notice/ovide-moralis%C3%A9-538
url540.html,https://rnbi.rouen.fr/fr/notice/ovide-moralis%C3%A9-539
url541.html,https://rnbi.rouen.fr/fr/notice/ovide-moralis%C3%A9-540
url542.html,https://rnbi.rouen.fr/fr/notice/ovide-moralis%C3%A9-541
url543.html,https://rnbi.rouen.fr/fr/notice/ovide-moralis%C3%A9-542
url544.html,https://rnbi.rouen.fr/fr/notice/ovide-moralis%C3%A9-543
url545.html,https://rnbi.rouen.fr/fr/notice/ovide-moralis%C3%A9-544
url546.html,https://rnbi.rouen.fr/fr/notice/ovide-moralis%C3%A9-545
url547.html,https://rnbi.rouen.fr/fr/notice/ovide-moralis%C3%A9-546
url548.html,https://rnbi.rouen.fr/fr/notice/ovide-moralis%C3%A9-547
url549.html,https://rnbi.rouen.fr/fr/notice/ovide-moralis%C3%A9-548
url550.html,https://rnbi.rouen.fr/fr/notice/ovide-moralis%C3%A9-549
url551.html,https://rnbi.rouen.fr/fr/notice/ovide-moralis%C3%A9-550
url552.html,https://rnbi.rouen.fr/fr/notice/ovide-moralis%C3%A9-551
url553.html,https://rnbi.rouen.fr/fr/notice/ovide-moralis%C3%A9-552
url554.html,https://rnbi.rouen.fr/fr/notice/ovide-moralis%C3%A9-553
url555.html,https://rnbi.rouen.fr/fr/notice/ovide-moralis%C3%A9-554
url556.html,https://rnbi.rouen.fr/fr/notice/ovide-moralis%C3%A9-555
url557.html,https://rnbi.rouen.fr/fr/notice/ovide-moralis%C3%A9-556
url558.html,https://rnbi.rouen.fr/fr/notice/ovide-moralis%C3%A9-557
url559.html,https://rnbi.rouen.fr/fr/notice/ovide-moralis%C3%A9-558
url560.html,https://rnbi.rouen.fr/fr/notice/ovide-moralis%C3%A9-559
url561.html,https://rnbi.rouen.fr/fr/notice/ovide-moralis%C3%A9-560
url562.html,https://rnbi.rouen.fr/fr/notice/ovide-moralis%C3%A9-561
url563.html,https://rnbi.rouen.fr/fr/notice/ovide-moralis%C3%A9-562
url564.html,https://rnbi.rouen.fr/fr/notice/ovide-moralis%C3%A9-563
url565.html,https://rnbi.rouen.fr/fr/notice/ovide-moralis%C3%A9-564
url566.html,https://rnbi.rouen.fr/fr/notice/ovide-moralis%C3%A9-565
url567.html,https://rnbi.rouen.fr/fr/notice/ovide-moralis%C3%A9-566
url568.html,https://rnbi.rouen.fr/fr/notice/ovide-moralis%C3%A9-567
url569.html,https://rnbi.rouen.fr/fr/notice/ovide-moralis%C3%A9-568
url570.html,https://rnbi.rouen.fr/fr/notice/ovide-moralis%C3%A9-569
url571.html,https://rnbi.rouen.fr/fr/notice/ovide-moralis%C3%A9-570
url572.html,https://rnbi.rouen.fr/fr/notice/ovide-moralis%C3%A9-571
url573.html,https://rnbi.rouen.fr/fr/notice/ovide-moralis%C3%A9-572
url574.html,https://rnbi.rouen.fr/fr/notice/ovide-moralis%C3%A9-573
url575.html,https://rnbi.rouen.fr/fr/notice/ovide-moralis%C3%A9-574
url576.html,https://rnbi.rouen.fr/fr/notice/ovide-moralis%C3%A9-575
url577.html,https://rnbi.rouen.fr/fr/notice/ovide-moralis%C3%A9-576
url578.html,https://rnbi.rouen.fr/fr/notice/ovide-moralis%C3%A9-577
url579.html,https://rnbi.rouen.fr/fr/notice/ovide-moralis%C3%A9-578
url580.html,https://rnbi.rouen.fr/fr/notice/ovide-moralis%C3%A9-579
url581.html,https://rnbi.rouen.fr/fr/notice/ovide-moralis%C3%A9-580
url582.html,https://rnbi.rouen.fr/fr/notice/ovide-moralis%C3%A9-581
url583.html,https://rnbi.rouen.fr/fr/notice/ovide-moralis%C3%A9-582
url584.html,https://rnbi.rouen.fr/fr/notice/ovide-moralis%C3%A9-583
url585.html,https://rnbi.rouen.fr/fr/notice/ovide-moralis%C3%A9-584
url586.html,https://rnbi.rouen.fr/fr/notice/ovide-moralis%C3%A9-585
url587.html,https://rnbi.rouen.fr/fr/notice/ovide-moralis%C3%A9-586
url588.html,https://rnbi.rouen.fr/fr/notice/ovide-moralis%C3%A9-587
url589.html,https://rnbi.rouen.fr/fr/notice/ovide-moralis%C3%A9-588
url590.html,https://rnbi.rouen.fr/fr/notice/ovide-moralis%C3%A9-589
url591.html,https://rnbi.rouen.fr/fr/notice/ovide-moralis%C3%A9-590
url592.html,https://rnbi.rouen.fr/fr/notice/ovide-moralis%C3%A9-591
url593.html,https://rnbi.rouen.fr/fr/notice/ovide-moralis%C3%A9-592
url594.html,https://rnbi.rouen.fr/fr/notice/ovide-moralis%C3%A9-593
url595.html,https://rnbi.rouen.fr/fr/notice/ovide-moralis%C3%A9-594
url596.html,https://rnbi.rouen.fr/fr/notice/ovide-moralis%C3%A9-595
url597.html,https://rnbi.rouen.fr/fr/notice/ovide-moralis%C3%A9-596
url598.html,https://rnbi.rouen.fr/fr/notice/ovide-moralis%C3%A9-597
url599.html,https://rnbi.rouen.fr/fr/notice/ovide-moralis%C3%A9-598
url600.html,https://rnbi.rouen.fr/fr/notice/ovide-moralis%C3%A9-599
url601.html,https://rnbi.rouen.fr/fr/notice/ovide-moralis%C3%A9-600
url602.html,https://rnbi.rouen.fr/fr/notice/ovide-moralis%C3%A9-601
url603.html,https://rnbi.rouen.fr/fr/notice/ovide-moralis%C3%A9-602
url604.html,https://rnbi.rouen.fr/fr/notice/ovide-moralis%C3%A9-603
url605.html,https://rnbi.rouen.fr/fr/notice/ovide-moralis%C3%A9-604
url606.html,https://rnbi.rouen.fr/fr/notice/ovide-moralis%C3%A9-605
url607.html,https://rnbi.rouen.fr/fr/notice/ovide-moralis%C3%A9-606
url608.html,https://rnbi.rouen.fr/fr/notice/ovide-moralis%C3%A9-607
url609.html,https://rnbi.rouen.fr/fr/notice/ovide-moralis%C3%A9-608
url610.html,https://rnbi.rouen.fr/fr/notice/ovide-moralis%C3%A9-609
url611.html,https://rnbi.rouen.fr/fr/notice/ovide-moralis%C3%A9-610
url612.html,https://rnbi.rouen.fr/fr/notice/ovide-moralis%C3%A9-611
url613.html,https://rnbi.rouen.fr/fr/notice/ovide-moralis%C3%A9-612
url614.html,https://rnbi.rouen.fr/fr/notice/ovide-moralis%C3%A9-613
url615.html,https://rnbi.rouen.fr/fr/notice/ovide-moralis%C3%A9-614
url616.html,https://rnbi.rouen.fr/fr/notice/ovide-moralis%C3%A9-615
url617.html,https://rnbi.rouen.fr/fr/notice/ovide-moralis%C3%A9-616
url618.html,https://rnbi.rouen.fr/fr/notice/ovide-moralis%C3%A9-617
url619.html,https://rnbi.rouen.fr/fr/notice/ovide-moralis%C3%A9-618
url620.html,https://rnbi.rouen.fr/fr/notice/ovide-moralis%C3%A9-619
url621.html,https://rnbi.rouen.fr/fr/notice/ovide-moralis%C3%A9-620
url622.html,https://rnbi.rouen.fr/fr/notice/ovide-moralis%C3%A9-621
url623.html,https://rnbi.rouen.fr/fr/notice/ovide-moralis%C3%A9-622
url624.html,https://rnbi.rouen.fr/fr/notice/ovide-moralis%C3%A9-623
url625.html,https://rnbi.rouen.fr/fr/notice/ovide-moralis%C3%A9-624
url626.html,https://rnbi.rouen.fr/fr/notice/ovide-moralis%C3%A9-625
url627.html,https://rnbi.rouen.fr/fr/notice/ovide-moralis%C3%A9-626
url628.html,https://rnbi.rouen.fr/fr/notice/ovide-moralis%C3%A9-627
url629.html,https://rnbi.rouen.fr/fr/notice/ovide-moralis%C3%A9-628
url630.html,https://rnbi.rouen.fr/fr/notice/ovide-moralis%C3%A9-629
url631.html,https://rnbi.rouen.fr/fr/notice/ovide-moralis%C3%A9-630
url632.html,https://rnbi.rouen.fr/fr/notice/ovide-moralis%C3%A9-631
url633.html,https://rnbi.rouen.fr/fr/notice/ovide-moralis%C3%A9-632
url634.html,https://rnbi.rouen.fr/fr/notice/ovide-moralis%C3%A9-633
url635.html,https://rnbi.rouen.fr/fr/notice/ovide-moralis%C3%A9-634
url636.html,https://rnbi.rouen.fr/fr/notice/ovide-moralis%C3%A9-635
url637.html,https://rnbi.rouen.fr/fr/notice/ovide-moralis%C3%A9-636
url638.html,https://rnbi.rouen.fr/fr/notice/ovide-moralis%C3%A9-637
url639.html,https://rnbi.rouen.fr/fr/notice/ovide-moralis%C3%A9-638
url640.html,https://rnbi.rouen.fr/fr/notice/ovide-moralis%C3%A9-639
url641.html,https://rnbi.rouen.fr/fr/notice/ovide-moralis%C3%A9-640
url642.html,https://rnbi.rouen.fr/fr/notice/ovide-moralis%C3%A9-641
url643.html,https://rnbi.rouen.fr/fr/notice/ovide-moralis%C3%A9-642
url644.html,https://rnbi.rouen.fr/fr/notice/ovide-moralis%C3%A9-643
url645.html,https://rnbi.rouen.fr/fr/notice/ovide-moralis%C3%A9-644
url646.html,https://rnbi.rouen.fr/fr/notice/ovide-moralis%C3%A9-645
url647.html,https://rnbi.rouen.fr/fr/notice/ovide-moralis%C3%A9-646
url648.html,https://rnbi.rouen.fr/fr/notice/ovide-moralis%C3%A9-647
url649.html,https://rnbi.rouen.fr/fr/notice/ovide-moralis%C3%A9-648
url650.html,https://rnbi.rouen.fr/fr/notice/ovide-moralis%C3%A9-649
url651.html,https://rnbi.rouen.fr/fr/notice/ovide-moralis%C3%A9-650
url652.html,https://rnbi.rouen.fr/fr/notice/ovide-moralis%C3%A9-651
url653.html,https://rnbi.rouen.fr/fr/notice/ovide-moralis%C3%A9-652
url654.html,https://rnbi.rouen.fr/fr/notice/ovide-moralis%C3%A9-653
url655.html,https://rnbi.rouen.fr/fr/notice/ovide-moralis%C3%A9-654
url656.html,https://rnbi.rouen.fr/fr/notice/ovide-moralis%C3%A9-655
url657.html,https://rnbi.rouen.fr/fr/notice/ovide-moralis%C3%A9-656
url658.html,https://rnbi.rouen.fr/fr/notice/ovide-moralis%C3%A9-657
url659.html,https://rnbi.rouen.fr/fr/notice/ovide-moralis%C3%A9-658
url660.html,https://rnbi.rouen.fr/fr/notice/ovide-moralis%C3%A9-659
url661.html,https://rnbi.rouen.fr/fr/notice/ovide-moralis%C3%A9-660
url662.html,https://rnbi.rouen.fr/fr/notice/ovide-moralis%C3%A9-661
url663.html,https://rnbi.rouen.fr/fr/notice/ovide-moralis%C3%A9-662
url664.html,https://rnbi.rouen.fr/fr/notice/ovide-moralis%C3%A9-663
url665.html,https://rnbi.rouen.fr/fr/notice/ovide-moralis%C3%A9-664
url666.html,https://rnbi.rouen.fr/fr/notice/ovide-moralis%C3%A9-665
url667.html,https://rnbi.rouen.fr/fr/notice/ovide-moralis%C3%A9-666
url668.html,https://rnbi.rouen.fr/fr/notice/ovide-moralis%C3%A9-667
url669.html,https://rnbi.rouen.fr/fr/notice/ovide-moralis%C3%A9-668
url670.html,https://rnbi.rouen.fr/fr/notice/ovide-moralis%C3%A9-669
url671.html,https://rnbi.rouen.fr/fr/notice/ovide-moralis%C3%A9-670
url672.html,https://rnbi.rouen.fr/fr/notice/ovide-moralis%C3%A9-671
url673.html,https://rnbi.rouen.fr/fr/notice/ovide-moralis%C3%A9-672
url674.html,https://rnbi.rouen.fr/fr/notice/ovide-moralis%C3%A9-673
url675.html,https://rnbi.rouen.fr/fr/notice/ovide-moralis%C3%A9-674
url676.html,https://rnbi.rouen.fr/fr/notice/ovide-moralis%C3%A9-675
url677.html,https://rnbi.rouen.fr/fr/notice/ovide-moralis%C3%A9-676
url678.html,https://rnbi.rouen.fr/fr/notice/ovide-moralis%C3%A9-677
url679.html,https://rnbi.rouen.fr/fr/notice/ovide-moralis%C3%A9-678
url680.html,https://rnbi.rouen.fr/fr/notice/ovide-moralis%C3%A9-679
url681.html,https://rnbi.rouen.fr/fr/notice/ovide-moralis%C3%A9-680
url682.html,https://rnbi.rouen.fr/fr/notice/ovide-moralis%C3%A9-681
url683.html,https://rnbi.rouen.fr/fr/notice/ovide-moralis%C3%A9-682
url684.html,https://rnbi.rouen.fr/fr/notice/ovide-moralis%C3%A9-683
url685.html,https://rnbi.rouen.fr/fr/notice/ovide-moralis%C3%A9-684
url686.html,https://rnbi.rouen.fr/fr/notice/ovide-moralis%C3%A9-685
url687.html,https://rnbi.rouen.fr/fr/notice/ovide-moralis%C3%A9-686
url688.html,https://rnbi.rouen.fr/fr/notice/ovide-moralis%C3%A9-687
url689.html,https://rnbi.rouen.fr/fr/notice/ovide-moralis%C3%A9-688
url690.html,https://rnbi.rouen.fr/fr/notice/ovide-moralis%C3%A9-689
url691.html,https://rnbi.rouen.fr/fr/notice/ovide-moralis%C3%A9-690
url692.html,https://rnbi.rouen.fr/fr/notice/ovide-moralis%C3%A9-691
url693.html,https://rnbi.rouen.fr/fr/notice/ovide-moralis%C3%A9-692
url694.html,https://rnbi.rouen.fr/fr/notice/ovide-moralis%C3%A9-693
url695.html,https://rnbi.rouen.fr/fr/notice/ovide-moralis%C3%A9-694
url696.html,https://rnbi.rouen.fr/fr/notice/ovide-moralis%C3%A9-695
url697.html,https://rnbi.rouen.fr/fr/notice/ovide-moralis%C3%A9-696
url698.html,https://rnbi.rouen.fr/fr/notice/ovide-moralis%C3%A9-697
url699.html,https://rnbi.rouen.fr/fr/notice/ovide-moralis%C3%A9-698
url700.html,https://rnbi.rouen.fr/fr/notice/ovide-moralis%C3%A9-699
url701.html,https://rnbi.rouen.fr/fr/notice/ovide-moralis%C3%A9-700
url702.html,https://rnbi.rouen.fr/fr/notice/ovide-moralis%C3%A9-701
url703.html,https://rnbi.rouen.fr/fr/notice/ovide-moralis%C3%A9-702
url704.html,https://rnbi.rouen.fr/fr/notice/ovide-moralis%C3%A9-703
url705.html,https://rnbi.rouen.fr/fr/notice/ovide-moralis%C3%A9-704
url706.html,https://rnbi.rouen.fr/fr/notice/ovide-moralis%C3%A9-705
url707.html,https://rnbi.rouen.fr/fr/notice/ovide-moralis%C3%A9-706
url708.html,https://rnbi.rouen.fr/fr/notice/ovide-moralis%C3%A9-707
url709.html,https://rnbi.rouen.fr/fr/notice/ovide-moralis%C3%A9-708
url710.html,https://rnbi.rouen.fr/fr/notice/ovide-moralis%C3%A9-709
url711.html,https://rnbi.rouen.fr/fr/notice/ovide-moralis%C3%A9-710
url712.html,https://rnbi.rouen.fr/fr/notice/ovide-moralis%C3%A9-711
url713.html,https://rnbi.rouen.fr/fr/notice/ovide-moralis%C3%A9-712
url714.html,https://rnbi.rouen.fr/fr/notice/ovide-moralis%C3%A9-713
url715.html,https://rnbi.rouen.fr/fr/notice/ovide-moralis%C3%A9-714
url716.html,https://rnbi.rouen.fr/fr/notice/ovide-moralis%C3%A9-715
url717.html,https://rnbi.rouen.fr/fr/notice/ovide-moralis%C3%A9-716
url718.html,https://rnbi.rouen.fr/fr/notice/ovide-moralis%C3%A9-717
url719.html,https://rnbi.rouen.fr/fr/notice/ovide-moralis%C3%A9-718
url720.html,https://rnbi.rouen.fr/fr/notice/ovide-moralis%C3%A9-719
url721.html,https://rnbi.rouen.fr/fr/notice/ovide-moralis%C3%A9-720
url722.html,https://rnbi.rouen.fr/fr/notice/ovide-moralis%C3%A9-721
url723.html,https://rnbi.rouen.fr/fr/notice/ovide-moralis%C3%A9-722
url724.html,https://rnbi.rouen.fr/fr/notice/ovide-moralis%C3%A9-723
url725.html,https://rnbi.rouen.fr/fr/notice/ovide-moralis%C3%A9-724
url726.html,https://rnbi.rouen.fr/fr/notice/ovide-moralis%C3%A9-725
url727.html,https://rnbi.rouen.fr/fr/notice/ovide-moralis%C3%A9-726
url728.html,https://rnbi.rouen.fr/fr/notice/ovide-moralis%C3%A9-727
url729.html,https://rnbi.rouen.fr/fr/notice/ovide-moralis%C3%A9-728
url730.html,https://rnbi.rouen.fr/fr/notice/ovide-moralis%C3%A9-729
url731.html,https://rnbi.rouen.fr/fr/notice/ovide-moralis%C3%A9-730
url732.html,https://rnbi.rouen.fr/fr/notice/ovide-moralis%C3%A9-731
url733.html,https://rnbi.rouen.fr/fr/notice/ovide-moralis%C3%A9-732
url734.html,https://rnbi.rouen.fr/fr/notice/ovide-moralis%C3%A9-733
url735.html,https://rnbi.rouen.fr/fr/notice/ovide-moralis%C3%A9-734
url736.html,https://rnbi.rouen.fr/fr/notice/ovide-moralis%C3%A9-735
url737.html,https://rnbi.rouen.fr/fr/notice/ovide-moralis%C3%A9-736
url738.html,https://rnbi.rouen.fr/fr/notice/ovide-moralis%C3%A9-737
url739.html,https://rnbi.rouen.fr/fr/notice/ovide-moralis%C3%A9-738
url740.html,https://rnbi.rouen.fr/fr/notice/ovide-moralis%C3%A9-739
url741.html,https://rnbi.rouen.fr/fr/notice/ovide-moralis%C3%A9-740
url742.html,https://rnbi.rouen.fr/fr/notice/ovide-moralis%C3%A9-741
url743.html,https://rnbi.rouen.fr/fr/notice/ovide-moralis%C3%A9-742
url744.html,https://rnbi.rouen.fr/fr/notice/ovide-moralis%C3%A9-743
url745.html,https://rnbi.rouen.fr/fr/notice/ovide-moralis%C3%A9-744
url746.html,https://rnbi.rouen.fr/fr/notice/ovide-moralis%C3%A9-745
url747.html,https://rnbi.rouen.fr/fr/notice/ovide-moralis%C3%A9-746
url748.html,https://rnbi.rouen.fr/fr/notice/ovide-moralis%C3%A9-747
url749.html,https://rnbi.rouen.fr/fr/notice/ovide-moralis%C3%A9-748
url750.html,https://rnbi.rouen.fr/fr/notice/ovide-moralis%C3%A9-749
url751.html,https://rnbi.rouen.fr/fr/notice/ovide-moralis%C3%A9-750
url752.html,https://rnbi.rouen.fr/fr/notice/ovide-moralis%C3%A9-751
url753.html,https://rnbi.rouen.fr/fr/notice/ovide-moralis%C3%A9-752
url754.html,https://rnbi.rouen.fr/fr/notice/ovide-moralis%C3%A9-753
url755.html,https://rnbi.rouen.fr/fr/notice/ovide-moralis%C3%A9-754
url756.html,https://rnbi.rouen.fr/fr/notice/ovide-moralis%C3%A9-755
url757.html,https://rnbi.rouen.fr/fr/notice/ovide-moralis%C3%A9-756
url758.html,https://rnbi.rouen.fr/fr/notice/ovide-moralis%C3%A9-757
url759.html,https://rnbi.rouen.fr/fr/notice/ovide-moralis%C3%A9-758
url760.html,https://rnbi.rouen.fr/fr/notice/ovide-moralis%C3%A9-759
url761.html,https://rnbi.rouen.fr/fr/notice/ovide-moralis%C3%A9-760
url762.html,https://rnbi.rouen.fr/fr/notice/ovide-moralis%C3%A9-761
url763.html,https://rnbi.rouen.fr/fr/notice/ovide-moralis%C3%A9-762
url764.html,https://rnbi.rouen.fr/fr/notice/ovide-moralis%C3%A9-763
url765.html,https://rnbi.rouen.fr/fr/notice/ovide-moralis%C3%A9-764
url766.html,https://rnbi.rouen.fr/fr/notice/ovide-moralis%C3%A9-765
url767.html,https://rnbi.rouen.fr/fr/notice/ovide-moralis%C3%A9-766
url768.html,https://rnbi.rouen.fr/fr/notice/ovide-moralis%C3%A9-767
url769.html,https://rnbi.rouen.fr/fr/notice/ovide-moralis%C3%A9-768
url770.html,https://rnbi.rouen.fr/fr/notice/ovide-moralis%C3%A9-769
url771.html,https://rnbi.rouen.fr/fr/notice/ovide-moralis%C3%A9-770
url772.html,https://rnbi.rouen.fr/fr/notice/ovide-moralis%C3%A9-771
url773.html,https://rnbi.rouen.fr/fr/notice/ovide-moralis%C3%A9-772
url774.html,https://rnbi.rouen.fr/fr/notice/ovide-moralis%C3%A9-773
url775.html,https://rnbi.rouen.fr/fr/notice/ovide-moralis%C3%A9-774
url776.html,https://rnbi.rouen.fr/fr/notice/ovide-moralis%C3%A9-775
url777.html,https://rnbi.rouen.fr/fr/notice/ovide-moralis%C3%A9-776
url778.html,https://rnbi.rouen.fr/fr/notice/ovide-moralis%C3%A9-777
url779.html,https://rnbi.rouen.fr/fr/notice/ovide-moralis%C3%A9-778
url780.html,https://rnbi.rouen.fr/fr/notice/ovide-moralis%C3%A9-779
url781.html,https://rnbi.rouen.fr/fr/notice/ovide-moralis%C3%A9-780
url782.html,https://rnbi.rouen.fr/fr/notice/ovide-moralis%C3%A9-781
url783.html,https://rnbi.rouen.fr/fr/notice/ovide-moralis%C3%A9-782
url784.html,https://rnbi.rouen.fr/fr/notice/ovide-moralis%C3%A9-783
url785.html,https://rnbi.rouen.fr/fr/notice/ovide-moralis%C3%A9-784
url786.html,https://rnbi.rouen.fr/fr/notice/ovide-moralis%C3%A9-785
url787.html,https://rnbi.rouen.fr/fr/notice/ovide-moralis%C3%A9-786
url788.html,https://rnbi.rouen.fr/fr/notice/ovide-moralis%C3%A9-787
url789.html,https://rnbi.rouen.fr/fr/notice/ovide-moralis%C3%A9-788
url790.html,https://rnbi.rouen.fr/fr/notice/ovide-moralis%C3%A9-789
url791.html,https://rnbi.rouen.fr/fr/notice/ovide-moralis%C3%A9-790
url792.html,https://rnbi.rouen.fr/fr/notice/ovide-moralis%C3%A9-791
url793.html,https://rnbi.rouen.fr/fr/notice/ovide-moralis%C3%A9-792
url794.html,https://rnbi.rouen.fr/fr/notice/ovide-moralis%C3%A9-793
url795.html,https://rnbi.rouen.fr/fr/notice/ovide-moralis%C3%A9-794
url796.html,https://rnbi.rouen.fr/fr/notice/ovide-moralis%C3%A9-795
url797.html,https://rnbi.rouen.fr/fr/notice/ovide-moralis%C3%A9-796
url798.html,https://rnbi.rouen.fr/fr/notice/ovide-moralis%C3%A9-797
url799.html,https://rnbi.rouen.fr/fr/notice/ovide-moralis%C3%A9-798
url800.html,https://rnbi.rouen.fr/fr/notice/ovide-moralis%C3%A9-799
url801.html,https://rnbi.rouen.fr/fr/notice/ovide-moralis%C3%A9-800
url802.html,https://rnbi.rouen.fr/fr/notice/ovide-moralis%C3%A9-801
url803.html,https://rnbi.rouen.fr/fr/notice/ovide-moralis%C3%A9-802
url804.html,https://rnbi.rouen.fr/fr/notice/ovide-moralis%C3%A9-803
url805.html,https://rnbi.rouen.fr/fr/notice/ovide-moralis%C3%A9-804
url806.html,https://rnbi.rouen.fr/fr/notice/ovide-moralis%C3%A9-805
url807.html,https://rnbi.rouen.fr/fr/notice/ovide-moralis%C3%A9-806
url808.html,https://rnbi.rouen.fr/fr/notice/ovide-moralis%C3%A9-807
url809.html,https://rnbi.rouen.fr/fr/notice/ovide-moralis%C3%A9-808
url810.html,https://rnbi.rouen.fr/fr/notice/ovide-moralis%C3%A9-809
url811.html,https://rnbi.rouen.fr/fr/notice/ovide-moralis%C3%A9-810
url812.html,https://rnbi.rouen.fr/fr/notice/ovide-moralis%C3%A9-811
url813.html,https://rnbi.rouen.fr/fr/notice/ovide-moralis%C3%A9-812
url814.html,https://rnbi.rouen.fr/fr/notice/ovide-moralis%C3%A9-813
url815.html,https://rnbi.rouen.fr/fr/notice/ovide-moralis%C3%A9-814
url816.html,https://rnbi.rouen.fr/fr/notice/ovide-moralis%C3%A9-815
url817.html,https://rnbi.rouen.fr/fr/notice/ovide-moralis%C3%A9-816
url818.html,https://rnbi.rouen.fr/fr/notice/ovide-moralis%C3%A9-817
url819.html,https://rnbi.rouen.fr/fr/notice/ovide-moralis%C3%A9-818
url820.html,https://rnbi.rouen.fr/fr/notice/ovide-moralis%C3%A9-819
url821.html,https://rnbi.rouen.fr/fr/notice/ovide-moralis%C3%A9-820
url822.html,https://rnbi.rouen.fr/fr/notice/ovide-moralis%C3%A9-821
url823.html,https://rnbi.rouen.fr/fr/notice/ovide-moralis%C3%A9-822
url824.html,https://rnbi.rouen.fr/fr/notice/ovide-moralis%C3%A9-823
url825.html,https://rnbi.rouen.fr/fr/notice/ovide-moralis%C3%A9-824
url826.html,https://rnbi.rouen.fr/fr/notice/ovide-moralis%C3%A9-825
url827.html,https://rnbi.rouen.fr/fr/notice/ovide-moralis%C3%A9-826
url828.html,https://rnbi.rouen.fr/fr/notice/ovide-moralis%C3%A9-827
url829.html,https://rnbi.rouen.fr/fr/notice/ovide-moralis%C3%A9-828
url830.html,https://rnbi.rouen.fr/fr/notice/ovide-moralis%C3%A9-829
url831.html,https://rnbi.rouen.fr/fr/notice/ovide-moralis%C3%A9-830
url832.html,https://rnbi.rouen.fr/fr/notice/ovide-moralis%C3%A9-831
url833.html,https://rnbi.rouen.fr/fr/notice/ovide-moralis%C3%A9-832
url834.html,https://rnbi.rouen.fr/fr/notice/ovide-moralis%C3%A9-833
url835.html,https://rnbi.rouen.fr/fr/notice/ovide-moralis%C3%A9-834
url836.html,https://rnbi.rouen.fr/fr/notice/ovide-moralis%C3%A9-835
url837.html,https://rnbi.rouen.fr/fr/notice/ovide-moralis%C3%A9-836
url838.html,https://rnbi.rouen.fr/fr/notice/ovide-moralis%C3%A9-837
url839.html,https://rnbi.rouen.fr/fr/notice/ovide-moralis%C3%A9-838
url840.html,https://rnbi.rouen.fr/fr/notice/ovide-moralis%C3%A9-839
url841.html,https://rnbi.rouen.fr/fr/notice/ovide-moralis%C3%A9-840
url842.html,https://rnbi.rouen.fr/fr/notice/ovide-moralis%C3%A9-841
url843.html,https://rnbi.rouen.fr/fr/notice/ovide-moralis%C3%A9-842
url844.html,https://rnbi.rouen.fr/fr/notice/ovide-moralis%C3%A9-843
url845.html,https://rnbi.rouen.fr/fr/notice/ovide-moralis%C3%A9-844
url846.html,https://rnbi.rouen.fr/fr/notice/ovide-moralis%C3%A9-845
url847.html,https://rnbi.rouen.fr/fr/notice/ovide-moralis%C3%A9-846
url848.html,https://rnbi.rouen.fr/fr/notice/ovide-moralis%C3%A9-847
url849.html,https://rnbi.rouen.fr/fr/notice/ovide-moralis%C3%A9-848
url850.html,https://rnbi.rouen.fr/fr/notice/ovide-moralis%C3%A9-849
url851.html,https://rnbi.rouen.fr/fr/notice/ovide-moralis%C3%A9-850
url852.html,https://rnbi.rouen.fr/fr/notice/ovide-moralis%C3%A9-851
url853.html,https://rnbi.rouen.fr/fr/notice/ovide-moralis%C3%A9-852
url854.html,https://rnbi.rouen.fr/fr/notice/ovide-moralis%C3%A9-853
url855.html,https://rnbi.rouen.fr/fr/notice/ovide-moralis%C3%A9-854
url856.html,https://rnbi.rouen.fr/fr/notice/ovide-moralis%C3%A9-855
url857.html,https://rnbi.rouen.fr/fr/notice/ovide-moralis%C3%A9-856
url858.html,https://rnbi.rouen.fr/fr/notice/ovide-moralis%C3%A9-857
url859.html,https://rnbi.rouen.fr/fr/notice/ovide-moralis%C3%A9-858
url860.html,https://rnbi.rouen.fr/fr/notice/ovide-moralis%C3%A9-859
url861.html,https://rnbi.rouen.fr/fr/notice/ovide-moralis%C3%A9-860
url862.html,https://rnbi.rouen.fr/fr/notice/ovide-moralis%C3%A9-861
url863.html,https://rnbi.rouen.fr/fr/notice/ovide-moralis%C3%A9-862
url864.html,https://rnbi.rouen.fr/fr/notice/ovide-moralis%C3%A9-863
url865.html,https://rnbi.rouen.fr/fr/notice/ovide-moralis%C3%A9-864
url866.html,https://rnbi.rouen.fr/fr/notice/ovide-moralis%C3%A9-865
url867.html,https://rnbi.rouen.fr/fr/notice/ovide-moralis%C3%A9-866
url868.html,https://rnbi.rouen.fr/fr/notice/ovide-moralis%C3%A9-867
url869.html,https://rnbi.rouen.fr/fr/notice/ovide-moralis%C3%A9-868
url870.html,https://rnbi.rouen.fr/fr/notice/ovide-moralis%C3%A9-869
url871.html,https://rnbi.rouen.fr/fr/notice/ovide-moralis%C3%A9-870
url872.html,https://rnbi.rouen.fr/fr/notice/ovide-moralis%C3%A9-871
url873.html,https://rnbi.rouen.fr/fr/notice/ovide-moralis%C3%A9-872
url874.html,https://rnbi.rouen.fr/fr/notice/ovide-moralis%C3%A9-873
url875.html,https://rnbi.rouen.fr/fr/notice/ovide-moralis%C3%A9-874
url876.html,https://rnbi.rouen.fr/fr/notice/ovide-moralis%C3%A9-875
url877.html,https://rnbi.rouen.fr/fr/notice/ovide-moralis%C3%A9-876
url878.html,https://rnbi.rouen.fr/fr/notice/ovide-moralis%C3%A9-877
url879.html,https://rnbi.rouen.fr/fr/notice/ovide-moralis%C3%A9-878
url880.html,https://rnbi.rouen.fr/fr/notice/ovide-moralis%C3%A9-879
url881.html,https://rnbi.rouen.fr/fr/notice/ovide-moralis%C3%A9-880
url882.html,https://rnbi.rouen.fr/fr/notice/ovide-moralis%C3%A9-881
url883.html,https://rnbi.rouen.fr/fr/notice/ovide-moralis%C3%A9-882
url884.html,https://rnbi.rouen.fr/fr/notice/ovide-moralis%C3%A9-883
url885.html,https://rnbi.rouen.fr/fr/notice/ovide-moralis%C3%A9-884
url886.html,https://rnbi.rouen.fr/fr/notice/ovide-moralis%C3%A9-885
url887.html,https://rnbi.rouen.fr/fr/notice/ovide-moralis%C3%A9-886
url888.html,https://rnbi.rouen.fr/fr/notice/ovide-moralis%C3%A9-887
url889.html,https://rnbi.rouen.fr/fr/notice/ovide-moralis%C3%A9-888
url890.html,https://rnbi.rouen.fr/fr/notice/ovide-moralis%C3%A9-889
url891.html,https://rnbi.rouen.fr/fr/notice/ovide-moralis%C3%A9-890
url892.html,https://rnbi.rouen.fr/fr/notice/ovide-moralis%C3%A9-891
url893.html,https://rnbi.rouen.fr/fr/notice/ovide-moralis%C3%A9-892
url894.html,https://rnbi.rouen.fr/fr/notice/ovide-moralis%C3%A9-893
url895.html,https://rnbi.rouen.fr/fr/notice/ovide-moralis%C3%A9-894
url896.html,https://rnbi.rouen.fr/fr/notice/ovide-moralis%C3%A9-895
url897.html,https://rnbi.rouen.fr/fr/notice/ovide-moralis%C3%A9-896
url898.html,https://rnbi.rouen.fr/fr/notice/ovide-moralis%C3%A9-897
url899.html,https://rnbi.rouen.fr/fr/notice/ovide-moralis%C3%A9-898
url900.html,https://rnbi.rouen.fr/fr/notice/ovide-moralis%C3%A9-899
url901.html,https://rnbi.rouen.fr/fr/notice/ovide-moralis%C3%A9-900
url902.html,https://rnbi.rouen.fr/fr/notice/ovide-moralis%C3%A9-901
url903.html,https://rnbi.rouen.fr/fr/notice/ovide-moralis%C3%A9-902
url904.html,https://rnbi.rouen.fr/fr/notice/ovide-moralis%C3%A9-903
url905.html,https://rnbi.rouen.fr/fr/notice/ovide-moralis%C3%A9-904
url906.html,https://rnbi.rouen.fr/fr/notice/ovide-moralis%C3%A9-905
url907.html,https://rnbi.rouen.fr/fr/notice/ovide-moralis%C3%A9-906
url908.html,https://rnbi.rouen.fr/fr/notice/ovide-moralis%C3%A9-907
url909.html,https://rnbi.rouen.fr/fr/notice/ovide-moralis%C3%A9-908
url910.html,https://rnbi.rouen.fr/fr/notice/ovide-moralis%C3%A9-909
url911.html,https://rnbi.rouen.fr/fr/notice/ovide-moralis%C3%A9-910
url912.html,https://rnbi.rouen.fr/fr/notice/ovide-moralis%C3%A9-911
url913.html,https://rnbi.rouen.fr/fr/notice/ovide-moralis%C3%A9-912
url914.html,https://rnbi.rouen.fr/fr/notice/ovide-moralis%C3%A9-913
url915.html,https://rnbi.rouen.fr/fr/notice/ovide-moralis%C3%A9-914
url916.html,https://rnbi.rouen.fr/fr/notice/ovide-moralis%C3%A9-915
url917.html,https://rnbi.rouen.fr/fr/notice/ovide-moralis%C3%A9-916
url918.html,https://rnbi.rouen.fr/fr/notice/ovide-moralis%C3%A9-917
url919.html,https://rnbi.rouen.fr/fr/notice/ovide-moralis%C3%A9-918
url920.html,https://rnbi.rouen.fr/fr/notice/ovide-moralis%C3%A9-919
url921.html,https://rnbi.rouen.fr/fr/notice/ovide-moralis%C3%A9-920
url922.html,https://rnbi.rouen.fr/fr/notice/ovide-moralis%C3%A9-921
url923.html,https://rnbi.rouen.fr/fr/notice/ovide-moralis%C3%A9-922
url924.html,https://rnbi.rouen.fr/fr/notice/ovide-moralis%C3%A9-923
url925.html,https://rnbi.rouen.fr/fr/notice/ovide-moralis%C3%A9-924
url926.html,https://rnbi.rouen.fr/fr/notice/ovide-moralis%C3%A9-925
url927.html,https://rnbi.rouen.fr/fr/notice/ovide-moralis%C3%A9-926
url928.html,https://rnbi.rouen.fr/fr/notice/ovide-moralis%C3%A9-927
url929.html,https://rnbi.rouen.fr/fr/notice/ovide-moralis%C3%A9-928
url930.html,https://rnbi.rouen.fr/fr/notice/ovide-moralis%C3%A9-929
url931.html,https://rnbi.rouen.fr/fr/notice/ovide-moralis%C3%A9-930
url932.html,https://rnbi.rouen.fr/fr/notice/ovide-moralis%C3%A9-931
url933.html,https://rnbi.rouen.fr/fr/notice/ovide-moralis%C3%A9-932
url934.html,https://rnbi.rouen.fr/fr/notice/ovide-moralis%C3%A9-933
url935.html,https://rnbi.rouen.fr/fr/notice/ovide-moralis%C3%A9-934
url936.html,https://rnbi.rouen.fr/fr/notice/ovide-moralis%C3%A9-935
url937.html,https://rnbi.rouen.fr/fr/notice/ovide-moralis%C3%A9-936
url938.html,https://rnbi.rouen.fr/fr/notice/ovide-moralis%C3%A9-937
url939.html,https://rnbi.rouen.fr/fr/notice/ovide-moralis%C3%A9-938
url940.html,https://rnbi.rouen.fr/fr/notice/ovide-moralis%C3%A9-939
url941.html,https://rnbi.rouen.fr/fr/notice/ovide-moralis%C3%A9-940
url942.html,https://rnbi.rouen.fr/fr/notice/ovide-moralis%C3%A9-941
url943.html,https://rnbi.rouen.fr/fr/notice/ovide-moralis%C3%A9-942
url944.html,https://rnbi.rouen.fr/fr/notice/ovide-moralis%C3%A9-943
url945.html,https://rnbi.rouen.fr/fr/notice/ovide-moralis%C3%A9-944
url946.html,https://rnbi.rouen.fr/fr/notice/ovide-moralis%C3%A9-945
url947.html,https://rnbi.rouen.fr/fr/notice/ovide-moralis%C3%A9-946
url948.html,https://rnbi.rouen.fr/fr/notice/ovide-moralis%C3%A9-947
url949.html,https://rnbi.rouen.fr/fr/notice/ovide-moralis%C3%A9-948
url950.html,https://rnbi.rouen.fr/fr/notice/ovide-moralis%C3%A9-949
url951.html,https://rnbi.rouen.fr/fr/notice/ovide-moralis%C3%A9-950
url952.html,https://rnbi.rouen.fr/fr/notice/ovide-moralis%C3%A9-951
url953.html,https://rnbi.rouen.fr/fr/notice/ovide-moralis%C3%A9-952
url954.html,https://rnbi.rouen.fr/fr/notice/ovide-moralis%C3%A9-953
url955.html,https://rnbi.rouen.fr/fr/notice/ovide-moralis%C3%A9-954
url956.html,https://rnbi.rouen.fr/fr/notice/ovide-moralis%C3%A9-955
url957.html,https://rnbi.rouen.fr/fr/notice/ovide-moralis%C3%A9-956
url958.html,https://rnbi.rouen.fr/fr/notice/ovide-moralis%C3%A9-957
url959.html,https://rnbi.rouen.fr/fr/notice/ovide-moralis%C3%A9-958
url960.html,https://rnbi.rouen.fr/fr/notice/ovide-moralis%C3%A9-959
url961.html,https://rnbi.rouen.fr/fr/notice/ovide-moralis%C3%A9-960
url962.html,https://rnbi.rouen.fr/fr/notice/ovide-moralis%C3%A9-961
url963.html,https://rnbi.rouen.fr/fr/notice/ovide-moralis%C3%A9-962
url964.html,https://rnbi.rouen.fr/fr/notice/ovide-moralis%C3%A9-963
url965.html,https://rnbi.rouen.fr/fr/notice/ovide-moralis%C3%A9-964
url966.html,https://rnbi.rouen.fr/fr/notice/ovide-moralis%C3%A9-965
url967.html,https://rnbi.rouen.fr/fr/notice/ovide-moralis%C3%A9-966
url968.html,https://rnbi.rouen.fr/fr/notice/ovide-moralis%C3%A9-967
url969.html,https://rnbi.rouen.fr/fr/notice/ovide-moralis%C3%A9-968
url970.html,https://rnbi.rouen.fr/fr/notice/ovide-moralis%C3%A9-969
url971.html,https://rnbi.rouen.fr/fr/notice/ovide-moralis%C3%A9-970
url972.html,https://rnbi.rouen.fr/fr/notice/ovide-moralis%C3%A9-971
url973.html,https://rnbi.rouen.fr/fr/notice/ovide-moralis%C3%A9-972
url974.html,https://rnbi.rouen.fr/fr/notice/ovide-moralis%C3%A9-973
url975.html,https://rnbi.rouen.fr/fr/notice/ovide-moralis%C3%A9-974
url976.html,https://rnbi.rouen.fr/fr/notice/ovide-moralis%C3%A9-975
url977.html,https://rnbi.rouen.fr/fr/notice/ovide-moralis%C3%A9-976
url978.html,https://rnbi.rouen.fr/fr/notice/ovide-moralis%C3%A9-977
url979.html,https://rnbi.rouen.fr/fr/notice/ovide-moralis%C3%A9-978
url980.html,https://rnbi.rouen.fr/fr/notice/ovide-moralis%C3%A9-979
url981.html,https://rnbi.rouen.fr/fr/notice/ovide-moralis%C3%A9-980
url982.html,https://rnbi.rouen.fr/fr/notice/ovide-moralis%C3%A9-981
url983.html,https://rnbi.rouen.fr/fr/notice/ovide-moralis%C3%A9-982
url984.html,https://rnbi.rouen.fr/fr/notice/ovide-moralis%C3%A9-983
url985.html,https://rnbi.rouen.fr/fr/notice/ovide-moralis%C3%A9-984
url986.html,https://rnbi.rouen.fr/fr/notice/ovide-moralis%C3%A9-985
url987.html,https://rnbi.rouen.fr/fr/notice/ovide-moralis%C3%A9-986
url988.html,https://rnbi.rouen.fr/fr/notice/ovide-moralis%C3%A9-987
url989.html,https://rnbi.rouen.fr/fr/notice/ovide-moralis%C3%A9-988
url990.html,https://rnbi.rouen.fr/fr/notice/ovide-moralis%C3%A9-989
url991.html,https://rnbi.rouen.fr/fr/notice/ovide-moralis%C3%A9-990
url992.html,https://rnbi.rouen.fr/fr/notice/ovide-moralis%C3%A9-991
url993.html,https://rnbi.rouen.fr/fr/notice/ovide-moralis%C3%A9-992
url994.html,https://rnbi.rouen.fr/fr/notice/ovide-moralis%C3%A9-993
url995.html,https://rnbi.rouen.fr/fr/notice/ovide-moralis%C3%A9-994
url996.html,https://rnbi.rouen.fr/fr/notice/ovide-moralis%C3%A9-995
url997.html,https://rnbi.rouen.fr/fr/notice/ovide-moralis%C3%A9-996
url998.html,https://rnbi.rouen.fr/fr/notice/ovide-moralis%C3%A9-997
url999.html,https://rnbi.rouen.fr/fr/notice/ovide-moralis%C3%A9-998
url1000.html,https://rnbi.rouen.fr/fr/notice/ovide-moralis%C3%A9-999
url1001.html,https://rnbi.rouen.fr/fr/notice/ovide-moralis%C3%A9-1000
url1002.html,https://rnbi.rouen.fr/fr/notice/ovide-moralis%C3%A9-1001
url1003.html,https://rnbi.rouen.fr/fr/notice/ovide-moralis%C3%A9-1002
url1004.html,https://rnbi.rouen.fr/fr/notice/ovide-moralis%C3%A9-1003
url1005.html,https://rnbi.rouen.fr/fr/notice/ovide-moralis%C3%A9-1004
url1006.html,https://rnbi.rouen.fr/fr/notice/ovide-moralis%C3%A9-1005
url1007.html,https://rnbi.rouen.fr/fr/notice/ovide-moralis%C3%A9-1006
url1008.html,https://rnbi.rouen.fr/fr/notice/ovide-moralis%C3%A9-1007
url1009.html,https://rnbi.rouen.fr/fr/notice/ovide-moralis%C3%A9-1008
url1010.html,https://rnbi.rouen.fr/fr/notice/ovide-moralis%C3%A9-1009
url1011.html,https://rnbi.rouen.fr/fr/notice/ovide-moralis%C3%A9-1010
url1012.html,https://rnbi.rouen.fr/fr/notice/ovide-moralis%C3%A9-1011
url1013.html,https://rnbi.rouen.fr/fr/notice/ovide-moralis%C3%A9-1012
url1014.html,https://rnbi.rouen.fr/fr/notice/ovide-moralis%C3%A9-1013
url1015.html,https://rnbi.rouen.fr/fr/notice/ovide-moralis%C3%A9-1014
url1016.html,https://rnbi.rouen.fr/fr/notice/ovide-moralis%C3%A9-1015
url1017.html,https://rnbi.rouen.fr/fr/notice/ovide-moralis%C3%A9-1016
url1018.html,https://rnbi.rouen.fr/fr/notice/ovide-moralis%C3%A9-1017
url1019.html,https://rnbi.rouen.fr/fr/notice/ovide-moralis%C3%A9-1018
url1020.html,https://rnbi.rouen.fr/fr/notice/ovide-moralis%C3%A9-1019
url1021.html,https://rnbi.rouen.fr/fr/notice/ovide-moralis%C3%A9-1020
url1022.html,https://rnbi.rouen.fr/fr/notice/ovide-moralis%C3%A9-1021
url1023.html,https://rnbi.rouen.fr/fr/notice/ovide-moralis%C3%A9-1022
url1024.html,https://rnbi.rouen.fr/fr/notice/ovide-moralis%C3%A9-1023
url1025.html,https://rnbi.rouen.fr/fr/notice/ovide-moralis%C3%A9-1024
url1026.html,https://rnbi.rouen.fr/fr/notice/ovide-moralis%C3%A9-1025
url1027.html,https://rnbi.rouen.fr/fr/notice/ovide-moralis%C3%A9-1026
url1028.html,https://rnbi.rouen.fr/fr/notice/ovide-moralis%C3%A9-1027
url1029.html,https://rnbi.rouen.fr/fr/notice/ovide-moralis%C3%A9-1028
url1030.html,https://rnbi.rouen.fr/fr/notice/ovide-moralis%C3%A9-1029
url1031.html,https://rnbi.rouen.fr/fr/notice/ovide-moralis%C3%A9-1030
url1032.html,https://rnbi.rouen.fr/fr/notice/ovide-moralis%C3%A9-1031
url1033.html,https://rnbi.rouen.fr/fr/notice/ovide-moralis%C3%A9-1032
url1034.html,https://rnbi.rouen.fr/fr/notice/ovide-moralis%C3%A9-1033
url1035.html,https://rnbi.rouen.fr/fr/notice/ovide-moralis%C3%A9-1034
url1036.html,https://rnbi.rouen.fr/fr/notice/ovide-moralis%C3%A9-1035
url1037.html,https://rnbi.rouen.fr/fr/notice/ovide-moralis%C3%A9-1036
url1038.html,https://rnbi.rouen.fr/fr/notice/ovide-moralis%C3%A9-1037
url1039.html,https://rnbi.rouen.fr/fr/notice/ovide-moralis%C3%A9-1038
url1040.html,https://rnbi.rouen.fr/fr/notice/ovide-moralis%C3%A9-1039
url1041.html,https://rnbi.rouen.fr/fr/notice/ovide-moralis%C3%A9-1040
url1042.html,https://rnbi.rouen.fr/fr/notice/ovide-moralis%C3%A9-1041
url1043.html,https://rnbi.rouen.fr/fr/notice/ovide-moralis%C3%A9-1042
url1044.html,https://rnbi.rouen.fr/fr/notice/ovide-moralis%C3%A9-1043
url1045.html,https://rnbi.rouen.fr/fr/notice/ovide-moralis%C3%A9-1044
url1046.html,https://rnbi.rouen.fr/fr/notice/ovide-moralis%C3%A9-1045
url1047.html,https://rnbi.rouen.fr/fr/notice/ovide-moralis%C3%A9-1046
url1048.html,https://rnbi.rouen.fr/fr/notice/ovide-moralis%C3%A9-1047
url1049.html,https://rnbi.rouen.fr/fr/notice/ovide-moralis%C3%A9-1048
url1050.html,https://rnbi.rouen.fr/fr/notice/ovide-moralis%C3%A9-1049
url1051.html,https://rnbi.rouen.fr/fr/notice/ovide-moralis%C3%A9-1050
url1052.html,https://rnbi.rouen.fr/fr/notice/ovide-moralis%C3%A9-1051
url1053.html,https://rnbi.rouen.fr/fr/notice/ovide-moralis%C3%A9-1052
url1054.html,https://rnbi.rouen.fr/fr/notice/ovide-moralis%C3%A9-1053
url1055.html,https://rnbi.rouen.fr/fr/notice/ovide-moralis%C3%A9-1054
url1056.html,https://rnbi.rouen.fr/fr/notice/ovide-moralis%C3%A9-1055
url1057.html,https://rnbi.rouen.fr/fr/notice/ovide-moralis%C3%A9-1056
url1058.html,https://rnbi.rouen.fr/fr/notice/ovide-moralis%C3%A9-1057
url1059.html,https://rnbi.rouen.fr/fr/notice/ovide-moralis%C3%A9-1058
url1060.html,https://rnbi.rouen.fr/fr/notice/ovide-moralis%C3%A9-1059
url1061.html,https://rnbi.rouen.fr/fr/notice/ovide-moralis%C3%A9-1060
url1062.html,https://rnbi.rouen.fr/fr/notice/ovide-moralis%C3%A9-1061
url1063.html,https://rnbi.rouen.fr/fr/notice/ovide-moralis%C3%A9-1062
url1064.html,https://rnbi.rouen.fr/fr/notice/ovide-moralis%C3%A9-1063
url1065.html,https://rnbi.rouen.fr/fr/notice/ovide-moralis%C3%A9-1064
url1066.html,https://rnbi.rouen.fr/fr/notice/ovide-moralis%C3%A9-1065
url1067.html,https://rnbi.rouen.fr/fr/notice/ovide-moralis%C3%A9-1066
url1068.html,https://rnbi.rouen.fr/fr/notice/ovide-moralis%C3%A9-1067
url1069.html,https://rnbi.rouen.fr/fr/notice/ovide-moralis%C3%A9-1068
url1070.html,https://rnbi.rouen.fr/fr/notice/ovide-moralis%C3%A9-1069
url1071.html,https://rnbi.rouen.fr/fr/notice/ovide-moralis%C3%A9-1070
url1072.html,https://rnbi.rouen.fr/fr/notice/ovide-moralis%C3%A9-1071
url1073.html,https://rnbi.rouen.fr/fr/notice/ovide-moralis%C3%A9-1072
url1074.html,https://rnbi.rouen.fr/fr/notice/ovide-moralis%C3%A9-1073
url1075.html,https://rnbi.rouen.fr/fr/notice/ovide-moralis%C3%A9-1074
url1076.html,https://rnbi.rouen.fr/fr/notice/ovide-moralis%C3%A9-1075
url1077.html,https://rnbi.rouen.fr/fr/notice/ovide-moralis%C3%A9-1076
url1078.html,https://rnbi.rouen.fr/fr/notice/ovide-moralis%C3%A9-1077
url1079.html,https://rnbi.rouen.fr/fr/notice/ovide-moralis%C3%A9-1078
url1080.html,https://rnbi.rouen.fr/fr/notice/ovide-moralis%C3%A9-1079
url1081.html,https://rnbi.rouen.fr/fr/notice/ovide-moralis%C3%A9-1080
url1082.html,https://rnbi.rouen.fr/fr/notice/ovide-moralis%C3%A9-1081
url1083.html,https://rnbi.rouen.fr/fr/notice/ovide-moralis%C3%A9-1082
url1084.html,https://rnbi.rouen.fr/fr/notice/ovide-moralis%C3%A9-1083
url1085.html,https://rnbi.rouen.fr/fr/notice/ovide-moralis%C3%A9-1084
url1086.html,https://rnbi.rouen.fr/fr/notice/ovide-moralis%C3%A9-1085
url1087.html,https://rnbi.rouen.fr/fr/notice/ovide-moralis%C3%A9-1086
url1088.html,https://rnbi.rouen.fr/fr/notice/ovide-moralis%C3%A9-1087
url1089.html,https://rnbi.rouen.fr/fr/notice/ovide-moralis%C3%A9-1088
url1090.html,https://rnbi.rouen.fr/fr/notice/ovide-moralis%C3%A9-1089
url1091.html,https://rnbi.rouen.fr/fr/notice/ovide-moralis%C3%A9-1090
url1092.html,https://rnbi.rouen.fr/fr/notice/ovide-moralis%C3%A9-1091
url1093.html,https://rnbi.rouen.fr/fr/notice/ovide-moralis%C3%A9-1092
url1094.html,https://rnbi.rouen.fr/fr/notice/ovide-moralis%C3%A9-1093
url1095.html,https://rnbi.rouen.fr/fr/notice/ovide-moralis%C3%A9-1094
url1096.html,https://rnbi.rouen.fr/fr/notice/ovide-moralis%C3%A9-1095
url1097.html,https://rnbi.rouen.fr/fr/notice/ovide-moralis%C3%A9-1096
url1098.html,https://rnbi.rouen.fr/fr/notice/ovide-moralis%C3%A9-1097
url1099.html,https://rnbi.rouen.fr/fr/notice/ovide-moralis%C3%A9-1098
url1100.html,https://rnbi.rouen.fr/fr/notice/ovide-moralis%C3%A9-1099
url1101.html,https://rnbi.rouen.fr/fr/notice/ovide-moralis%C3%A9-1100
url1102.html,https://rnbi.rouen.fr/fr/notice/ovide-moralis%C3%A9-1101
url1103.html,https://rnbi.rouen.fr/fr/notice/ovide-moralis%C3%A9-1102
url1104.html,https://rnbi.rouen.fr/fr/notice/ovide-moralis%C3%A9-1103
url1105.html,https://rnbi.rouen.fr/fr/notice/ovide-moralis%C3%A9-1104
url1106.html,https://rnbi.rouen.fr/fr/notice/ovide-moralis%C3%A9-1105
url1107.html,https://rnbi.rouen.fr/fr/notice/ovide-moralis%C3%A9-1106
url1108.html,https://rnbi.rouen.fr/fr/notice/ovide-moralis%C3%A9-1107
url1109.html,https://rnbi.rouen.fr/fr/notice/ovide-moralis%C3%A9-1108
url1110.html,https://rnbi.rouen.fr/fr/notice/ovide-moralis%C3%A9-1109
url1111.html,https://rnbi.rouen.fr/fr/notice/ovide-moralis%C3%A9-1110
url1112.html,https://rnbi.rouen.fr/fr/notice/ovide-moralis%C3%A9-1111
url1113.html,https://rnbi.rouen.fr/fr/notice/ovide-moralis%C3%A9-1112
url1114.html,https://rnbi.rouen.fr/fr/notice/ovide-moralis%C3%A9-1113
url1115.html,https://rnbi.rouen.fr/fr/notice/ovide-moralis%C3%A9-1114
url1116.html,https://rnbi.rouen.fr/fr/notice/ovide-moralis%C3%A9-1115
url1117.html,https://rnbi.rouen.fr/fr/notice/ovide-moralis%C3%A9-1116
url1118.html,https://rnbi.rouen.fr/fr/notice/ovide-moralis%C3%A9-1117
url1119.html,https://rnbi.rouen.fr/fr/notice/ovide-moralis%C3%A9-1118
url1120.html,https://rnbi.rouen.fr/fr/notice/ovide-moralis%C3%A9-1119
url1121.html,https://rnbi.rouen.fr/fr/notice/ovide-moralis%C3%A9-1120
url1122.html,https://rnbi.rouen.fr/fr/notice/ovide-moralis%C3%A9-1121
url1123.html,https://rnbi.rouen.fr/fr/notice/ovide-moralis%C3%A9-1122
url1124.html,https://rnbi.rouen.fr/fr/notice/ovide-moralis%C3%A9-1123
url1125.html,https://rnbi.rouen.fr/fr/notice/ovide-moralis%C3%A9-1124
url1126.html,https://rnbi.rouen.fr/fr/notice/ovide-moralis%C3%A9-1125
url1127.html,https://rnbi.rouen.fr/fr/notice/ovide-moralis%C3%A9-1126
url1128.html,https://rnbi.rouen.fr/fr/notice/ovide-moralis%C3%A9-1127
url1129.html,https://rnbi.rouen.fr/fr/notice/ovide-moralis%C3%A9-1128
url1130.html,https://rnbi.rouen.fr/fr/notice/ovide-moralis%C3%A9-1129
url1131.html,https://rnbi.rouen.fr/fr/notice/ovide-moralis%C3%A9-1130
url1132.html,https://rnbi.rouen.fr/fr/notice/ovide-moralis%C3%A9-1131
url1133.html,https://rnbi.rouen.fr/fr/notice/ovide-moralis%C3%A9-1132
url1134.html,https://rnbi.rouen.fr/fr/notice/ovide-moralis%C3%A9-1133
url1135.html,https://rnbi.rouen.fr/fr/notice/ovide-moralis%C3%A9-1134
url1136.html,https://rnbi.rouen.fr/fr/notice/ovide-moralis%C3%A9-1135
url1137.html,https://rnbi.rouen.fr/fr/notice/ovide-moralis%C3%A9-1136
url1138.html,https://rnbi.rouen.fr/fr/notice/ovide-moralis%C3%A9-1137
url1139.html,https://rnbi.rouen.fr/fr/notice/ovide-moralis%C3%A9-1138
url1140.html,https://rnbi.rouen.fr/fr/notice/ovide-moralis%C3%A9-1139
url1141.html,https://rnbi.rouen.fr/fr/notice/ovide-moralis%C3%A9-1140
url1142.html,https://rnbi.rouen.fr/fr/notice/ovide-moralis%C3%A9-1141
url1143.html,https://rnbi.rouen.fr/fr/notice/ovide-moralis%C3%A9-1142
url1144.html,https://rnbi.rouen.fr/fr/notice/ovide-moralis%C3%A9-1143
url1145.html,https://rnbi.rouen.fr/fr/notice/ovide-moralis%C3%A9-1144
url1146.html,https://rnbi.rouen.fr/fr/notice/ovide-moralis%C3%A9-1145
url1147.html,https://rnbi.rouen.fr/fr/notice/ovide-moralis%C3%A9-1146
url1148.html,https://rnbi.rouen.fr/fr/notice/ovide-moralis%C3%A9-1147
url1149.html,https://rnbi.rouen.fr/fr/notice/ovide-moralis%C3%A9-1148
url1150.html,https://rnbi.rouen.fr/fr/notice/ovide-moralis%C3%A9-1149
url1151.html,https://rnbi.rouen.fr/fr/notice/ovide-moralis%C3%A9-1150
url1152.html,https://rnbi.rouen.fr/fr/notice/ovide-moralis%C3%A9-1151
url1153.html,https://rnbi.rouen.fr/fr/notice/ovide-moralis%C3%A9-1152
url1154.html,https://rnbi.rouen.fr/fr/notice/ovide-moralis%C3%A9-1153
url1155.html,https://rnbi.rouen.fr/fr/notice/ovide-moralis%C3%A9-1154
url1156.html,https://rnbi.rouen.fr/fr/notice/ovide-moralis%C3%A9-1155
url1157.html,https://rnbi.rouen.fr/fr/notice/ovide-moralis%C3%A9-1156
url1158.html,https://rnbi.rouen.fr/fr/notice/ovide-moralis%C3%A9-1157
url1159.html,https://rnbi.rouen.fr/fr/notice/ovide-moralis%C3%A9-1158
url1160.html,https://rnbi.rouen.fr/fr/notice/ovide-moralis%C3%A9-1159
url1161.html,https://rnbi.rouen.fr/fr/notice/ovide-moralis%C3%A9-1160
url1162.html,https://rnbi.rouen.fr/fr/notice/ovide-moralis%C3%A9-1161
url1163.html,https://rnbi.rouen.fr/fr/notice/ovide-moralis%C3%A9-1162
url1164.html,https://rnbi.rouen.fr/fr/notice/ovide-moralis%C3%A9-1163
url1165.html,https://rnbi.rouen.fr/fr/notice/ovide-moralis%C3%A9-1164
url1166.html,https://rnbi.rouen.fr/fr/notice/ovide-moralis%C3%A9-1165
url1167.html,https://rnbi.rouen.fr/fr/notice/ovide-moralis%C3%A9-1166
url1168.html,https://rnbi.rouen.fr/fr/notice/ovide-moralis%C3%A9-1167
url1169.html,https://rnbi.rouen.fr/fr/notice/ovide-moralis%C3%A9-1168
url1170.html,https://rnbi.rouen.fr/fr/notice/ovide-moralis%C3%A9-1169
url1171.html,https://rnbi.rouen.fr/fr/notice/ovide-moralis%C3%A9-1170
url1172.html,https://rnbi.rouen.fr/fr/notice/ovide-moralis%C3%A9-1171
url1173.html,https://rnbi.rouen.fr/fr/notice/ovide-moralis%C3%A9-1172
url1174.html,https://rnbi.rouen.fr/fr/notice/ovide-moralis%C3%A9-1173
url1175.html,https://rnbi.rouen.fr/fr/notice/ovide-moralis%C3%A9-1174
url1176.html,https://rnbi.rouen.fr/fr/notice/ovide-moralis%C3%A9-1175
url1177.html,https://rnbi.rouen.fr/fr/notice/ovide-moralis%C3%A9-1176
url1178.html,https://rnbi.rouen.fr/fr/notice/ovide-moralis%C3%A9-1177
url1179.html,https://rnbi.rouen.fr/fr/notice/ovide-moralis%C3%A9-1178
url1180.html,https://rnbi.rouen.fr/fr/notice/ovide-moralis%C3%A9-1179
url1181.html,https://rnbi.rouen.fr/fr/notice/ovide-moralis%C3%A9-1180
url1182.html,https://rnbi.rouen.fr/fr/notice/ovide-moralis%C3%A9-1181
url1183.html,https://rnbi.rouen.fr/fr/notice/ovide-moralis%C3%A9-1182
url1184.html,https://rnbi.rouen.fr/fr/notice/ovide-moralis%C3%A9-1183
url1185.html,https://rnbi.rouen.fr/fr/notice/ovide-moralis%C3%A9-1184
url1186.html,https://rnbi.rouen.fr/fr/notice/ovide-moralis%C3%A9-1185
url1187.html,https://rnbi.rouen.fr/fr/notice/ovide-moralis%C3%A9-1186
url1188.html,https://rnbi.rouen.fr/fr/notice/ovide-moralis%C3%A9-1187
url1189.html,https://rnbi.rouen.fr/fr/notice/ovide-moralis%C3%A9-1188
url1190.html,https://rnbi.rouen.fr/fr/notice/ovide-moralis%C3%A9-1189
url1191.html,https://rnbi.rouen.fr/fr/notice/ovide-moralis%C3%A9-1190
url1192.html,https://rnbi.rouen.fr/fr/notice/ovide-moralis%C3%A9-1191
url1193.html,https://rnbi.rouen.fr/fr/notice/ovide-moralis%C3%A9-1192
url1194.html,https://rnbi.rouen.fr/fr/notice/ovide-moralis%C3%A9-1193
url1195.html,https://rnbi.rouen.fr/fr/notice/ovide-moralis%C3%A9-1194
url1196.html,https://rnbi.rouen.fr/fr/notice/ovide-moralis%C3%A9-1195
url1197.html,https://rnbi.rouen.fr/fr/notice/ovide-moralis%C3%A9-1196
url1198.html,https://rnbi.rouen.fr/fr/notice/ovide-moralis%C3%A9-1197
url1199.html,https://rnbi.rouen.fr/fr/notice/ovide-moralis%C3%A9-1198
url1200.html,https://rnbi.rouen.fr/fr/notice/ovide-moralis%C3%A9-1199
url1201.html,https://rnbi.rouen.fr/fr/notice/ovide-moralis%C3%A9-1200
url1202.html,https://rnbi.rouen.fr/fr/notice/ovide-moralis%C3%A9-1201
url1203.html,https://rnbi.rouen.fr/fr/notice/ovide-moralis%C3%A9-1202
url1204.html,https://rnbi.rouen.fr/fr/notice/ovide-moralis%C3%A9-1203
url1205.html,https://rnbi.rouen.fr/fr/notice/ovide-moralis%C3%A9-1204
url1206.html,https://rnbi.rouen.fr/fr/notice/ovide-moralis%C3%A9-1205
url1207.html,https://rnbi.rouen.fr/fr/notice/ovide-moralis%C3%A9-1206
url1208.html,https://rnbi.rouen.fr/fr/notice/ovide-moralis%C3%A9-1207
url1209.html,https://rnbi.rouen.fr/fr/notice/ovide-moralis%C3%A9-1208
url1210.html,https://rnbi.rouen.fr/fr/notice/ovide-moralis%C3%A9-1209
url1211.html,https://rnbi.rouen.fr/fr/notice/ovide-moralis%C3%A9-1210
url1212.html,https://rnbi.rouen.fr/fr/notice/ovide-moralis%C3%A9-1211
url1213.html,https://rnbi.rouen.fr/fr/notice/ovide-moralis%C3%A9-1212
url1214.html,https://rnbi.rouen.fr/fr/notice/ovide-moralis%C3%A9-1213
url1215.html,https://rnbi.rouen.fr/fr/notice/ovide-moralis%C3%A9-1214
url1216.html,https://rnbi.rouen.fr/fr/notice/ovide-moralis%C3%A9-1215
url1217.html,https://rnbi.rouen.fr/fr/notice/ovide-moralis%C3%A9-1216
url1218.html,https://rnbi.rouen.fr/fr/notice/ovide-moralis%C3%A9-1217
url1219.html,https://rnbi.rouen.fr/fr/notice/ovide-moralis%C3%A9-1218
url1220.html,https://rnbi.rouen.fr/fr/notice/ovide-moralis%C3%A9-1219
url1221.html,https://rnbi.rouen.fr/fr/notice/ovide-moralis%C3%A9-1220
url1222.html,https://rnbi.rouen.fr/fr/notice/ovide-moralis%C3%A9-1221
url1223.html,https://rnbi.rouen.fr/fr/notice/ovide-moralis%C3%A9-1222
url1224.html,https://rnbi.rouen.fr/fr/notice/ovide-moralis%C3%A9-1223
url1225.html,https://rnbi.rouen.fr/fr/notice/ovide-moralis%C3%A9-1224
url1226.html,https://rnbi.rouen.fr/fr/notice/ovide-moralis%C3%A9-1225
url1227.html,https://rnbi.rouen.fr/fr/notice/ovide-moralis%C3%A9-1226
url1228.html,https://rnbi.rouen.fr/fr/notice/ovide-moralis%C3%A9-1227
url1229.html,https://rnbi.rouen.fr/fr/notice/ovide-moralis%C3%A9-1228
url1230.html,https://rnbi.rouen.fr/fr/notice/ovide-moralis%C3%A9-1229
url1231.html,https://rnbi.rouen.fr/fr/notice/ovide-moralis%C3%A9-1230
url1232.html,https://rnbi.rouen.fr/fr/notice/ovide-moralis%C3%A9-1231
url1233.html,https://rnbi.rouen.fr/fr/notice/ovide-moralis%C3%A9-1232
url1234.html,https://rnbi.rouen.fr/fr/notice/ovide-moralis%C3%A9-1233
url1235.html,https://rnbi.rouen.fr/fr/notice/ovide-moralis%C3%A9-1234
url1236.html,https://rnbi.rouen.fr/fr/notice/ovide-moralis%C3%A9-1235
url1237.html,https://rnbi.rouen.fr/fr/notice/ovide-moralis%C3%A9-1236
url1238.html,https://rnbi.rouen.fr/fr/notice/ovide-moralis%C3%A9-1237
url1239.html,https://rnbi.rouen.fr/fr/notice/ovide-moralis%C3%A9-1238
url1240.html,https://rnbi.rouen.fr/fr/notice/ovide-moralis%C3%A9-1239
url1241.html,https://rnbi.rouen.fr/fr/notice/ovide-moralis%C3%A9-1240
url1242.html,https://rnbi.rouen.fr/fr/notice/ovide-moralis%C3%A9-1241
url1243.html,https://rnbi.rouen.fr/fr/notice/ovide-moralis%C3%A9-1242
url1244.html,https://rnbi.rouen.fr/fr/notice/ovide-moralis%C3%A9-1243
url1245.html,https://rnbi.rouen.fr/fr/notice/ovide-moralis%C3%A9-1244
url1246.html,https://rnbi.rouen.fr/fr/notice/ovide-moralis%C3%A9-1245
url1247.html,https://rnbi.rouen.fr/fr/notice/ovide-moralis%C3%A9-1246
url1248.html,https://rnbi.rouen.fr/fr/notice/ovide-moralis%C3%A9-1247
url1249.html,https://rnbi.rouen.fr/fr/notice/ovide-moralis%C3%A9-1248
url1250.html,https://rnbi.rouen.fr/fr/notice/ovide-moralis%C3%A9-1249
url1251.html,https://rnbi.rouen.fr/fr/notice/ovide-moralis%C3%A9-1250
url1252.html,https://rnbi.rouen.fr/fr/notice/ovide-moralis%C3%A9-1251
url1253.html,https://rnbi.rouen.fr/fr/notice/ovide-moralis%C3%A9-1252
url1254.html,https://rnbi.rouen.fr/fr/notice/ovide-moralis%C3%A9-1253
url1255.html,https://rnbi.rouen.fr/fr/notice/ovide-moralis%C3%A9-1254
url1256.html,https://rnbi.rouen.fr/fr/notice/ovide-moralis%C3%A9-1255
url1257.html,https://rnbi.rouen.fr/fr/notice/ovide-moralis%C3%A9-1256
url1258.html,https://rnbi.rouen.fr/fr/notice/ovide-moralis%C3%A9-1257
url1259.html,https://rnbi.rouen.fr/fr/notice/ovide-moralis%C3%A9-1258
url1260.html,https://rnbi.rouen.fr/fr/notice/ovide-moralis%C3%A9-1259
url1261.html,https://rnbi.rouen.fr/fr/notice/ovide-moralis%C3%A9-1260
url1262.html,https://rnbi.rouen.fr/fr/notice/ovide-moralis%C3%A9-1261
url1263.html,https://rnbi.rouen.fr/fr/notice/ovide-moralis%C3%A9-1262
url1264.html,https://rnbi.rouen.fr/fr/notice/ovide-moralis%C3%A9-1263
url1265.html,https://rnbi.rouen.fr/fr/notice/ovide-moralis%C3%A9-1264
url1266.html,https://rnbi.rouen.fr/fr/notice/ovide-moralis%C3%A9-1265
url1267.html,https://rnbi.rouen.fr/fr/notice/ovide-moralis%C3%A9-1266
url1268.html,https://rnbi.rouen.fr/fr/notice/ovide-moralis%C3%A9-1267
url1269.html,https://rnbi.rouen.fr/fr/notice/ovide-moralis%C3%A9-1268
url1270.html,https://rnbi.rouen.fr/fr/notice/ovide-moralis%C3%A9-1269
url1271.html,https://rnbi.rouen.fr/fr/notice/ovide-moralis%C3%A9-1270
url1272.html,https://rnbi.rouen.fr/fr/notice/ovide-moralis%C3%A9-1271
url1273.html,https://rnbi.rouen.fr/fr/notice/ovide-moralis%C3%A9-1272
url1274.html,https://rnbi.rouen.fr/fr/notice/ovide-moralis%C3%A9-1273
url1275.html,https://rnbi.rouen.fr/fr/notice/ovide-moralis%C3%A9-1274
url1276.html,https://rnbi.rouen.fr/fr/notice/ovide-moralis%C3%A9-1275
url1277.html,https://rnbi.rouen.fr/fr/notice/ovide-moralis%C3%A9-1276
url1278.html,https://rnbi.rouen.fr/fr/notice/ovide-moralis%C3%A9-1277
url1279.html,https://rnbi.rouen.fr/fr/notice/ovide-moralis%C3%A9-1278
url1280.html,https://rnbi.rouen.fr/fr/notice/ovide-moralis%C3%A9-1279
url1281.html,https://rnbi.rouen.fr/fr/notice/ovide-moralis%C3%A9-1280
url1282.html,https://rnbi.rouen.fr/fr/notice/ovide-moralis%C3%A9-1281
url1283.html,https://rnbi.rouen.fr/fr/notice/ovide-moralis%C3%A9-1282
url1284.html,https://rnbi.rouen.fr/fr/notice/ovide-moralis%C3%A9-1283
url1285.html,https://rnbi.rouen.fr/fr/notice/ovide-moralis%C3%A9-1284
url1286.html,https://rnbi.rouen.fr/fr/notice/ovide-moralis%C3%A9-1285
url1287.html,https://rnbi.rouen.fr/fr/notice/ovide-moralis%C3%A9-1286
url1288.html,https://rnbi.rouen.fr/fr/notice/ovide-moralis%C3%A9-1287
url1289.html,https://rnbi.rouen.fr/fr/notice/ovide-moralis%C3%A9-1288
url1290.html,https://rnbi.rouen.fr/fr/notice/ovide-moralis%C3%A9-1289
url1291.html,https://rnbi.rouen.fr/fr/notice/ovide-moralis%C3%A9-1290
url1292.html,https://rnbi.rouen.fr/fr/notice/ovide-moralis%C3%A9-1291
url1293.html,https://rnbi.rouen.fr/fr/notice/ovide-moralis%C3%A9-1292
url1294.html,https://rnbi.rouen.fr/fr/notice/ovide-moralis%C3%A9-1293
url1295.html,https://rnbi.rouen.fr/fr/notice/ovide-moralis%C3%A9-1294
url1296.html,https://rnbi.rouen.fr/fr/notice/ovide-moralis%C3%A9-1295
url1297.html,https://rnbi.rouen.fr/fr/notice/ovide-moralis%C3%A9-1296
url1298.html,https://rnbi.rouen.fr/fr/notice/ovide-moralis%C3%A9-1297
url1299.html,https://rnbi.rouen.fr/fr/notice/ovide-moralis%C3%A9-1298
url1300.html,https://rnbi.rouen.fr/fr/notice/ovide-moralis%C3%A9-1299
url1301.html,https://rnbi.rouen.fr/fr/notice/ovide-moralis%C3%A9-1300
url1302.html,https://rnbi.rouen.fr/fr/notice/ovide-moralis%C3%A9-1301
url1303.html,https://rnbi.rouen.fr/fr/notice/ovide-moralis%C3%A9-1302
url1304.html,https://rnbi.rouen.fr/fr/notice/ovide-moralis%C3%A9-1303
url1305.html,https://rnbi.rouen.fr/fr/notice/ovide-moralis%C3%A9-1304
url1306.html,https://rnbi.rouen.fr/fr/notice/ovide-moralis%C3%A9-1305
url1307.html,https://rnbi.rouen.fr/fr/notice/ovide-moralis%C3%A9-1306
url1308.html,https://rnbi.rouen.fr/fr/notice/ovide-moralis%C3%A9-1307
url1309.html,https://rnbi.rouen.fr/fr/notice/ovide-moralis%C3%A9-1308
url1310.html,https://rnbi.rouen.fr/fr/notice/ovide-moralis%C3%A9-1309
url1311.html,https://rnbi.rouen.fr/fr/notice/ovide-moralis%C3%A9-1310
url1312.html,https://rnbi.rouen.fr/fr/notice/ovide-moralis%C3%A9-1311
